codigo;nombre;sinonimos
MGE;Medicina General;MEG$M.GEN$MED GEN$MEDICINA GENERAL$MED GENERAL$GENERAL
MIN;Medicina Interna;MIN$INTERNISTA$MED INTERNA$M.INTER
PED;Pediatría;PEDIATRA$MED PEDIATRICA$PED END$PED ALE$PED CAR
CIR;Cirugía General;CIRUGIA$CIR GENERAL$CIR GRAL$CIRUJANO$CIR PED
GIN;Ginecología y Obstetricia;GOB$GINECOLOGA OBSTETRA$GINECOLOGO OBSTETRA$GINECOLOGO$GINECOLOGA$OBSTETRICIA$GINECOLOGIA OBSTETRICA$GOB PER$GOB MST
GAS;Gastroenterología;GASTRO$GASTROENTEROLOGIA$GASTROENTEROLOGO$CIR GAS
CAR;Cardiología;CARD$CARDIOLOGO$CARDIOLOGA$CARDIOLOGIA$CIR CAR$CAR PED
DER;Dermatología;DERMATOLOGA$DERMATOLOGO$DERMATOLOGIA
EME;Emergenciología;EMER$EMERGENCIAS$URGENCIA
END;Endocrinología;ENDOCRINOLOGIA$ENDOCRINOLOGO$ENDOCRINOLOGA$END PED
DIA;Diabetología;DIAB$DIABETOLOGO$DIABETES$END DIA$NEF DIA
NEU;Neurología;NEM$NEUROLOGIA$NEUR$NEM.$NEUROCIRUGIA$NEUROCIRUJANO$NEU TRX$NEU PED$NEM PED
URO;Urología;UROLOGO$UROLOGIA$UROLOGA$CIR URO$URO PED
NEF;Nefrología;NEFROLOGIA$NEFROLOGO$NEFROLOGA$NEF PED
HEM;Hematología;HEMATOLOGA$HEMATOLOGO$HEMATOLOGIA
NEC;Neonatología;NEC
UTI;Unidad de Terapia Intensiva;UTI$UTIN
ORL;Otorrinolaringología;OTO$ORL$OTORRINO$OTORRINOLARINGOLOGIA$ENT
OFT;Oftalmología;OFTALMOLOGA$OFTALMOLOGO$CIR OFT
ONC;Oncología;NEO$ONCO$ONCOLOGO$ONCOLOGIA$CIR ONC$ONC PED$PED NEO
TRA;Traumatología;TRAU$TRAUMATOLOGO$TRAUMATOLOGIA$ORT$ORTOMOLECULAR$ORTOPEDIA$TRA PED
NEUM;Neumología;NEUMOLOGIA$NEUMOLOGO$NEUMOLOGA
INF;Infectología;INFECTOLOGIA$INFECTOLOGO$INFECTOLOGA$INMU$INF.$INF PED
REU;Reumatología;
GER;Geriatría;GERIATRIA
PSI;Psiquiatría;PSIQUIATRA$PSIQUIATRIA
NUT;Nutrición;NUTRI$NUTRICIONISTA$NUTRICION
ALG;Alergología;ALE$ALER$ALERGOLOGIA$ALERGOLOGA
ANE;Anestesiología;ANES$ANESTESIA
COL;Coloproctología;COLO$COLONOSCOPISTA$COL$CIR COLO
CPL;Cirugía Plástica;PLAST$CIR PLAS$CIR PLA$CIR.PL
LAP;Cirugía Laparoscópica;LAP$CIR LAPAROSCOPIO$CIR LAP
VAS;Cirugía Vascular;VAS$CAR VAS$CIR VAS$ANG
ODO;Odontología;ODON$DENT$DENTISTA$EST$ESTE$ODO PED
MAX;Cirugía Maxilofacial;MAX$MAXILO$CIR MAX
FAM;Medicina Familiar;MED FAMILIAR$MED FAMI
PAL;Medicina Paliativa;MED PALEATIVA$MED PALIATIVA
EPI;Epidemiología;EPIDEMIOLOGO$EPIDEMIOLOGIA
PEND;Sin especificar (revisar);0$ADM$ALE INM$BIO$CLINICA$COLE$CONSULTORIO VILLAMED$EMB$EMG$ECO$HOSPITAL$INST$INSTITUCION$LAB$LABORATORIO$LABORATORO$LABORATOTIO$MEST$PROC$PRO$RES$SAFCI$TRM$TRM DEP$VETERINARIA$DISCAPACIDAD$COP$NAT$GENE$CTRO$MFA$GEN$NER$MIT$DIR$POD$CLI$MED HIP$MED DOL$CIR BAR$CIR IMP
