clave,estudio,area,descuento,precio_base_cbba,precio_base_lpz,precio_base_scz,precio_base_sucre,precio_base_tarija
%Tra,TRANSFERRINA,Hematologia,0.25,80.25,80.25,80.25,80.25,80.25
1-3bD,(1-3)-B-D-Glucano,Inmunologia,0.1,0.0,0.0,0.0,0.0,0.0
10A,Cultivo automatizado de MATERIAL BIOLOGICO (En hisopo),Microbiologia,0.1,268.2,268.2,268.2,268.2,268.2
10C,Cultivo convencional de MATERIAL BIOLOGICO (En hisopo),Microbiologia,0.1,109.8,109.8,109.8,109.8,117.0
11C,Cultivo convencional de MATERIAL BIOLOGICO (En frasco ó Jeringa),Microbiologia,0.1,109.8,109.8,109.8,109.8,117.0
13A,Coprocultivo AUTOMATIZADO,Microbiologia,0.1,209.7,209.7,209.7,209.7,209.7
14AAT,Cultivo automatizado ASPIRADO TRAQUEAL,Microbiologia,0.1,196.2,196.2,196.2,196.2,196.2
14ABAL,Cultivo automatizado LAVADO BRONCOALVEOLAR,Microbiologia,0.1,196.2,196.2,196.2,196.2,196.2
14APT,Cultivo automatizado ESPUTO,Microbiologia,0.1,196.2,196.2,196.2,196.2,196.2
14CAT,Cultivo convencional ASPIRADO TRAQUEAL,Microbiologia,0.1,105.3,105.3,105.3,105.3,117.0
14CBAL,Cultivo convencional LAVADO BRONCOALVEOLAR,Microbiologia,0.1,105.3,105.3,105.3,105.3,117.0
15A,MULTIRRESISTENCIA,Microbiologia,0.1,0.0,0.0,0.0,0.0,0.0
17A,Cultivo de Secreción uretral AUTOMATIZADO,Microbiologia,0.1,267.3,267.3,267.3,267.3,0.0
17OHP,17-OH PROGESTERONA,Endocrinologia,0.1,262.8,262.8,262.8,262.8,262.8
18A,Espermocultivo AUTOMATIZADO,Microbiologia,0.1,276.3,276.3,276.3,276.3,276.3
20ASB,Cultivo automatizado SECRECIÓN BRONQUIAL,Microbiologia,0.1,0.0,0.0,182.7,0.0,0.0
20CSB,Cultivo convencional SECRECIÓN BRONQUIAL,Microbiologia,0.1,0.0,0.0,105.3,0.0,0.0
4A,HEMOCULTIVO AUTOMATIZADO SERIADO (3 Aerobios y 3 Anaerobios),Microbiologia,0.1,0.0,0.0,0.0,0.0,0.0
4C,HEMOCULTIVO CONVENCIONAL SERIADO (6 frascos sin resina),Microbiologia,0.1,0.0,0.0,0.0,0.0,0.0
5-HIAA,ÁCIDO 5-HIDROXIINDOLACÉTICO,Inmunología,0.1,0.0,0.0,0.0,0.0,0.0
5A,RETROCULTIVO AUTOMATIZADO SIMPLE (AEROBIO),Microbiologia,0.1,335.7,335.7,335.7,335.7,335.7
5NT,5 - NUCLEOTIDASA,Química Metabólica,0.1,0.0,0.0,0.0,0.0,0.0
6A,RETROCULTIVO AUTOMATIZADO X2 (2 Aerobio),Microbiologia,0.1,668.7,668.7,668.7,668.7,668.7
6C,RETROCULTIVO CONVENCIONAL X2,Microbiologia,0.1,434.7,434.7,434.7,434.7,434.7
7A,RETROCULTIVO AUTOMATIZADO X3 CATETER DOBLE LUMEN (3 de aerobio),Microbiologia,0.1,1001.7,0.9,1001.7,1001.7,1001.7
7C,RETROCULTIVO CONVENCIONAL X3 CATETER DOBLE LUMEN (3 de aerobio),Microbiologia,0.1,650.7,650.7,650.7,650.7,650.7
8A,Identificación y Antibiograma AUTOMATIZADO,Microbiologia,0.1,568.8,568.8,568.8,568.8,568.8
8Cb-,Identificación y Antibiograma CONVENCIONAL BACILO GRAM NEGATIVO,Microbiologia,0.1,118.8,118.8,118.8,118.8,118.8
8CcP,Identificación y Antibiograma CONVENCIONAL COCOS GRAM POSITIVOS,Microbiologia,0.1,91.8,91.8,91.8,91.8,0.0
8Cst,Identificación y Antibiograma CONVENCIONAL ESTREPTOCOCO,Microbiologia,0.1,73.8,73.8,73.8,73.8,73.8
AAIFI,ANTICUERPOS ANTIPLAQUETARIOS IFI,Estudios IFI,0.1,0.0,0.0,0.0,0.0,202.5
AAT,ALFA-1 ANTITRIPSINA,Inmunología,0.1,0.0,0.0,0.0,0.0,0.0
ACTHAm,ACTH AM,Endocrinologia,0.1,325.8,325.8,325.8,325.8,325.8
ACTHPm,ACTH PM,Endocrinologia,0.1,325.8,325.8,325.8,325.8,325.8
ADA,ADA DE LÍQUIDO Y/O SUERO,Líquidos Biologicos,0.1,286.2,286.2,301.5,286.2,286.2
ADH.,HORMONA ANTIDIURETICA (ADH),Inmunologia,0.1,0.0,0.0,0.0,0.0,0.0
AFP,ALFA FETOPROTEÍNA (AFP),Marcadores Tumorales,0.1,0.0,155.7,0.0,155.7,155.7
ALOT,TUBO DE ORIENTACIÓN LEUCEMIA AGUDA (ALOT),CITOMETRIA DE FLUJO,0.1,0.0,0.0,0.0,0.0,0.0
AMAIF,AMA IFI,Autoinmunidad,0.1,277.2,304.2,304.2,304.2,304.2
AMH,HORMONA ANTIMULLERIANA,Endocrinologia,0.1,0.0,0.0,0.0,0.0,0.0
AMILASA,AMILASA,Química Metabólica,0.2,62.4,62.4,62.4,62.4,62.4
ANA.,ANTICUERPOS ANTINUCLEARES (ANA),Autoinmunidad,0.1,303.3,303.3,303.3,303.3,303.3
ANTI-IA2,ANTICUERPOS ANTI-IA2,Inmunologia,0.1,0.0,0.0,0.0,0.0,0.0
APTT,TIEMPO DE TROMBOPLASTINA PARCIAL ACTIVADA (APTT),Hemostasia,0.1,47.7,47.7,47.7,47.7,47.7
ASCA,ANTICUERPOS ANTI-SACCHAROMYCES CEREVISIAE (ASCA),Inmunologia,0.1,0.0,0.0,0.0,0.0,0.0
ASCAIFI,ANTICUERPOS ANTI-SACCHAROMYCES CEREVISIAE IFI,Estudios IFI,0.1,0.0,0.0,0.0,0.0,202.5
ASMAIF,ASMA IFI,Autoinmunidad,0.1,280.8,307.8,307.8,307.8,307.8
ASTO,ASTO,Serologia,0.1,100.8,100.8,100.8,100.8,100.8
Ac HVC,HEPATITIS C (HCV) IgM,Infecciosas,0.1,0.0,0.0,0.0,0.0,0.0
AcCovG,ANTICUERPO DE COVID 19 IgG,Inmunologia,0.1,0.0,0.0,0.0,0.0,0.0
AcCovM,ANTICUERPO DE COVID 19 IgM,Inmunologia,0.1,0.0,0.0,0.0,0.0,0.0
AcFol,ÁCIDO FÓLICO,Química Metabólica,0.15,235.45,235.45,235.45,235.45,235.45
AcUr,ÁCIDO ÚRICO,Química Metabólica,0.3,36.4,36.4,36.4,36.4,36.4
AcUr24,ÁCIDO ÚRICO EN ORINA 24 HORAS,Orinas,0.3,32.9,32.9,32.9,32.9,32.9
AcUrOr,ÁCIDO ÚRICO EN ORINA OCASIONAL,Orinas,0.3,32.9,32.9,32.9,32.9,32.9
AgAdv,ANTÍGENO DE ADENOVIRUS,Inmunologia,0.15,138.55,138.55,138.55,138.55,138.55
AgAmb,ANTÍGENO DE AMEBAS,ENSAYOS EN HECES,0.1,115.2,115.2,290.7,115.2,115.2
AgCovid,ANTÍGENO DE COVID19,Inmunologia,0.1,47.7,47.7,47.7,47.7,47.7
AgCryN,ANTÍGENO CRYPTOCOCCUS NEOFORMANS,Microbiologia,0.1,261.0,261.0,261.0,261.0,261.0
AgCryp,ANTÍGENO DE CRYPTOSPORIDIUM,ENSAYOS EN HECES,0.1,0.0,0.0,0.0,0.0,0.0
AgEHy,ANTÍGENO DE AMEBAS (ELISA),Inmunologia,0.1,0.0,0.0,0.0,0.0,0.0
AgFlu,ANTÍGENO DE INFLUENZA A Y B,Inmunologia,0.1,0.0,112.5,109.8,0.0,0.0
AgGE,ANTÍGENO DE GIARDIA (ELISA),Inmunologia,0.1,0.0,0.0,0.0,0.0,0.0
AgGal,ANTÍGENO GALACTOMANANO (Aspergilosis),Microbiologia,0.1,0.0,0.0,0.0,0.0,0.0
AgGalC,ANTÍGENO GALACTOMANANO CUALITATIVO (Aspergilosis),Infecciosas,0.1,379.8,379.8,388.8,379.8,379.8
AgGrd,ANTÍGENO DE GIARDIA,ENSAYOS EN HECES,0.1,106.2,106.2,225.45,106.2,106.2
AgHPy,ANTÍGENO DE HELICOBACTER PYLORI,ENSAYOS EN HECES,0.2,136.4,130.4,136.4,136.4,136.4
AgPrs,Amebas/Giardia/Cryptosporidium,ENSAYOS EN HECES,0.1,196.2,196.2,270.45,196.2,196.2
AgRot,ANTÍGENO DE ROTAVIRUS,ENSAYOS EN HECES,0.1,82.8,82.8,82.8,82.8,82.8
AgStreA,ANTÍGENO ESTREPTOCOCOS DEL GRUPO A,Microbiologia,0.1,109.8,109.8,109.8,109.8,109.8
AgVir,Antígeno de Rotavirus y Adenovirus,ENSAYOS EN HECES,0.1,143.1,143.1,143.1,143.1,143.1
Alb,ALBÚMINA,PERFIL PROTEICO,0.3,40.6,40.6,40.6,40.6,40.6
Alb/Glo,RELACIÓN ALBÚMINA/GLOBULINA,Química Metabólica,0.1,0.0,0.0,0.0,0.0,0.0
Aldost,ALDOSTERONA,Endocrinologia,0.1,0.0,0.0,0.0,0.0,0.0
AmbF,AMEBAS EN FRESCO,ENSAYOS EN HECES,0.1,0.0,0.0,0.0,0.0,27.0
Amil24,AMILASA EN ORINA DE 24 HORAS,Orinas,0.2,58.4,58.4,90.4,58.4,58.4
AmilOr,AMILASA EN ORINA OCASIONAL,Orinas,0.2,58.4,58.4,90.4,58.4,58.4
AnaIF,ANA IFI,Autoinmunidad,0.1,226.8,253.8,253.8,253.8,253.8
AntiSMD,ANTI-SMD,Inmunología,0.1,0.0,0.0,0.0,0.0,0.0
ApoA1,APOLIPOPROTEINA A1,Química Metabólica,0.1,0.0,0.0,0.0,0.0,0.0
ArnIFI,ANTI ARN IFI,Análisis de Orina,0.1,0.0,0.0,0.0,0.0,202.5
AspG,GALACTOMANANO IgG,Inmunologia,0.1,497.7,497.7,0.0,497.7,0.0
AzRed,AZÚCARES REDUCTORES,ENSAYOS EN HECES,0.3,22.4,22.4,22.4,22.4,35.0
B2GIgG,B2 GLICOPROTEINA - IgG,Autoinmunidad,0.1,292.5,319.5,319.5,319.5,319.5
B2GIgM,B2 GLICOPROTEINA - IgM,Autoinmunidad,0.1,292.5,319.5,319.5,319.5,319.5
B2Mg,BETA 2 MICROGLOBULINA,Marcadores Tumorales,0.1,232.2,232.2,232.2,232.2,232.2
BCTX,B- CROSSLAPS (B-CTX),Endocrinologia,0.1,0.0,0.0,0.0,0.0,0.0
BKx2,BASCILOSCOPIA SERIADA X2,Microbiologia,0.1,56.7,56.7,65.7,56.7,56.7
BKx3,BASCILOSCOPIA SERIADA X3,Microbiologia,0.1,83.7,83.7,94.95,83.7,83.7
BM-ABM,PCR - ADENOVIRUS BORDETELLA PERTUSSIS MORAXELLA CATARRHALIS,Biología Molecular,0.1,0.0,0.0,794.7,0.0,0.0
BM-ADE,PCR - ADENOVIRUS,BIOLOGIA MOLECULAR,0.1,0.0,0.0,0.0,0.0,0.0
BM-Asp,PCR ASPERGILLUS SPP.,BIOLOGIA MOLECULAR,0.1,766.8,766.8,766.8,766.8,766.8
BM-BH,PCR - BARTONELLA HENSELAE,Biología Molecular,0.1,946.8,0.0,0.0,0.0,0.0
BM-BK,PCR - VIRUS BK/JC DETECCIÓN Y CARGA VIRAL,BIOLOGIA MOLECULAR,0.1,0.0,0.0,0.0,0.0,0.0
BM-BOR,PCR - BORRELIA,BIOLOGIA MOLECULAR,0.1,0.0,0.0,0.0,0.0,0.0
BM-BR,PCR - BRUCELLA SPP,BIOLOGIA MOLECULAR,0.1,0.0,0.0,0.0,0.0,0.0
BM-CMV,"PCR - CITOMEGALOVIRUS, DETECCIÓN Y CARGA VIRAL",BIOLOGIA MOLECULAR,0.1,0.0,0.0,0.0,0.0,0.0
BM-Cov,PCR SARS-CoV-2,Inmunologia,0.1,0.0,227.7,227.7,227.7,0.0
BM-DQ2/8,PCR ENFERMEDAD CELÍACA (HLA DQ2 HLA DQ8 HLA-DR4),BIOLOGIA MOLECULAR,0.1,0.0,0.0,0.0,0.0,0.0
BM-DZC,"PCR - DENGUE, ZIKA, CHIKUNGUNYA",BIOLOGIA MOLECULAR,0.1,0.0,0.0,388.8,0.0,415.8
BM-EB,PCR - EPSTEIN-BARR DETECCIÓN Y CARGA VIRAL,BIOLOGIA MOLECULAR,0.1,0.0,0.0,0.0,0.0,0.0
BM-ENT,PCR - ENTEROVIRUS,BIOLOGIA MOLECULAR,0.1,0.0,0.0,0.0,0.0,0.0
BM-HB,PCR - HEPATITIS B DETECCIÓN Y CARGA VIRAL,BIOLOGIA MOLECULAR,0.1,0.0,0.0,0.0,0.0,0.0
BM-HC,PCR - HEPATITIS C DETECCIÓN Y CARGA VIRAL,BIOLOGIA MOLECULAR,0.1,0.0,0.0,0.0,0.0,0.0
BM-HIV,PCR - VIRUS DE INMUNODEFICIENCIA HUMANA (HIV),BIOLOGIA MOLECULAR,0.1,0.0,0.0,0.0,0.0,0.0
BM-HP,PCR HELICOBACTER PYLORI Y RESISTENCIA A LA CLARITROMICINA,BIOLOGIA MOLECULAR,0.1,0.0,0.0,0.0,0.0,0.0
BM-ILa,INTOLERANCIA A LA LACTOSA,BIOLOGIA MOLECULAR,0.1,0.0,0.0,0.0,0.0,0.0
BM-LEI,PCR - LEISHMANIASIS,BIOLOGIA MOLECULAR,0.1,0.0,0.0,0.0,0.0,0.0
BM-LEP,PCR - LEPTOSPIRA,BIOLOGIA MOLECULAR,0.1,0.0,0.0,0.0,0.0,0.0
BM-PB19,PCR - PARVOVIRUS B19 DETECCIÓN Y CARGA VIRAL,BIOLOGIA MOLECULAR,0.1,0.0,0.0,0.0,0.0,0.0
BM-PJ,PCR - PNEUMOCYSTIS JIROVECII,BIOLOGIA MOLECULAR,0.1,0.0,0.0,796.5,722.7,749.7
BM-SA,PCR - STAPHYLOCOCCUS AUREUS,BIOLOGIA MOLECULAR,0.1,0.0,794.7,875.7,875.7,0.0
BM-SRP,PCR - VIRUS DEL SARAMPION,Biología Molecular,0.1,0.0,0.0,0.0,0.0,0.0
BM-TB,PCR MYCOBACTERIUM TUBERCULOSIS Y NO TUBERCULOSIS,BIOLOGIA MOLECULAR,0.1,587.7,587.7,587.7,587.7,587.7
BM-TBR,PCR RESISTENCIA DE MYCOBACTERIUM TUBERCULOSIS,BIOLOGIA MOLECULAR,0.1,649.8,649.8,649.8,649.8,649.8
BM-TC,PCR - TRYPANOSOMA CRUZI,BIOLOGIA MOLECULAR,0.1,0.0,0.0,0.0,0.0,0.0
BM-TG,PCR - TOXOPLASMA GONDII,BIOLOGIA MOLECULAR,0.1,0.0,0.0,0.0,0.0,0.0
BUN,NITRÓGENO UREICO (BUN),Química Metabólica,0.3,32.9,32.9,32.9,32.9,32.9
BZD,BENZODIAZEPINA SCREEN,Drogas de Abuso,0.2,0.0,0.0,0.0,74.4,0.0
BhcG,BHCG - CUANTITATIVA,Embarazo,0.1,151.2,0.0,151.2,0.0,151.2
BilD,BILIRRUBINA DIRECTA,Química Metabólica,0.3,0.0,0.0,0.0,0.0,0.0
BilI,BILIRRUBINA INDIRECTA,Química Metabólica,0.3,0.0,0.0,0.0,0.0,0.0
BilT,BILIRRUBINA TOTALES,Química Metabólica,0.3,0.0,0.0,0.0,0.0,0.0
BrucIgG,BRUCELOSIS IgG,Inmunologia,0.1,195.3,195.3,195.3,195.3,195.3
BrucIgM,BRUCELOSIS IgM,Inmunologia,0.1,195.3,195.3,195.3,195.3,195.3
C-HDL,HDL - COLESTEROL,Química Metabólica,0.15,39.95,39.95,39.95,39.95,39.95
C-LDL,LDL - COLESTEROL,Química Metabólica,0.1,51.3,51.3,51.3,51.3,51.3
C-VLDL,VLDL - COLESTEROL,Química Metabólica,0.1,51.3,51.3,51.3,51.3,51.3
C3,COMPLEMENTO C3,Autoinmunidad,0.1,0.0,0.0,118.8,0.0,118.8
C4,COMPLEMENTO C4,Autoinmunidad,0.1,0.0,0.0,118.8,0.0,118.8
CA,CALCIO (Ca),Electrolitos,0.2,38.4,38.4,38.4,38.4,38.4
CA125,CA 125 (OVARIO),Marcadores Tumorales,0.1,262.8,262.8,0.0,0.0,0.0
CA15.3,CA 15-3 (MAMA),Marcadores Tumorales,0.1,262.8,262.8,262.8,262.8,262.8
CA19.9,CA 19-9 (PÁNCREAS Y TUBO DIGESTIVO),Marcadores Tumorales,0.1,262.8,262.8,262.8,262.8,262.8
CA242,CA 242 (PÁNCREAS),Marcadores Tumorales,0.1,0.0,0.0,0.0,0.0,0.0
CA50,ANTIGENO CARBOHIDRATADO 50 (CA - 50),Marcadores Tumorales,0.1,0.0,0.0,0.0,0.0,0.0
CA724,CA 72-4,Marcadores Tumorales,0.1,0.0,0.0,0.0,0.0,0.0
CAmb,CULTIVO DE AMBIENTES,Microbiologia,0.1,90.0,90.0,90.0,90.0,90.0
CAnae,CULTIVO DE AUTOMATIZADO ANAEROBIO,Microbiologia,0.1,0.0,277.2,0.0,0.0,0.0
CCAR,CITOQUÍMICO LÍQUIDO PERICÁRDICO,Líquidos Biologicos,0.1,200.7,200.7,200.7,200.7,200.7
CCP,AC. ANTICITRULINA (Anti-CCP),Autoinmunidad,0.1,271.8,271.8,0.0,271.8,0.0
CD34,CUANTIFICACIÓN DE CD34 (TRASPLANTE),CITOMETRIA DE FLUJO,0.1,0.0,0.0,0.0,0.0,0.0
CDir,COOMBS DIRECTO,Hematologia,0.25,54.75,54.75,54.75,54.75,54.75
CEA,ANTÍGENO CARCINOEMBRIONARIO (CEA),Marcadores Tumorales,0.1,137.7,137.7,137.7,0.0,137.7
CEspu,CULTIVO DE ESPUTO,Microbiologia,0.1,105.3,105.3,105.3,105.3,117.0
CExud,CULTIVO DE EXUDADO,Microbiologia,0.1,109.8,109.8,109.8,109.8,117.0
CFari,CULTIVO DE SECRECIÓN FARÍNGEA,Microbiologia,0.1,109.8,109.8,105.3,109.8,117.0
CH50,COMPLEMENTO HEMOLITICO (CH50),Inmunología,0.1,0.0,0.0,0.0,0.0,0.0
CHE,COLINESTERASA,Química Metabólica,0.3,64.4,64.4,64.4,64.4,64.4
CHong,CULTIVO MICOLÓGICO,Microbiologia,0.1,145.8,145.8,105.3,145.8,145.8
CIMAb,CONCENTRACIÓN MÍNIMA INHIBITORIA PARA ANTIBIÓTICO (CIM),Microbiologia,0.1,0.0,0.0,0.0,0.0,0.0
CIMAf,CONCENTRACIÓN MÍNIMA INHIBITORIA PARA ANTIFÚNGICOS (CIM),Microbiologia,0.1,0.0,0.0,0.0,0.0,0.0
CITQ,CITOQUÍMICO DE LÍQUIDO...,Líquidos Biologicos,0.1,200.7,200.7,200.7,200.7,200.7
CInd,COOMBS INDIRECTO,Hematologia,0.25,54.75,54.75,54.75,54.75,54.75
CKMB,CK-MB,Química Metabólica,0.1,73.8,73.8,73.8,73.8,82.8
CKMM,CK-MM,Química Metabólica,0.3,0.0,0.0,0.0,0.0,0.0
CKoch,CULTIVO BACILO DE KOCH,Microbiologia,0.1,0.0,0.0,0.0,0.0,0.0
CKoch2,CULTIVO BACILO DE KOCH SERIADO X2,Microbiologia,0.1,0.0,0.0,0.0,0.0,0.0
CKoch3,CULTIVO BACILO DE KOCH SERIADO X3,Microbiologia,0.1,0.0,0.0,0.0,0.0,0.0
CLCR,CITOQUÍMICO LÍQUIDO CEFALORRAQUÍDEO,Líquidos Biologicos,0.1,200.7,200.7,200.7,200.7,200.7
CLPL,CITOQUÍMICO LÍQUIDO PLEURAL,Líquidos Biologicos,0.1,200.7,200.7,200.7,200.7,200.7
CLSI,CITOQUÍMICO LÍQUIDO SINOVIAL,Líquidos Biologicos,0.1,200.7,200.7,200.7,200.7,200.7
CMatQ,CULTIVO DE MATERIAL QUIRÚRGICO,Microbiologia,0.1,0.0,0.0,0.0,0.0,0.0
CMicH,CULTIVO DE MYCOPLASMA HOMINIS,Microbiologia,0.1,0.0,0.0,0.0,0.0,0.0
CNasa,CULTIVO DE SECRECIÓN NASAL,Microbiologia,0.1,109.8,109.8,105.3,109.8,117.0
COC,COCAÍNA SCREEN,Drogas de Abuso,0.2,0.0,0.0,0.0,73.6,0.0
CP,CERUPLASMINA,Inmunología,0.1,0.0,0.0,0.0,0.0,0.0
CPER,CITOQUÍMICO LÍQUIDO PERITONEAL,Líquidos Biologicos,0.1,200.7,200.7,200.7,200.7,200.7
CPK,CREATIN FOSFOQUINASA (CPK),Química Metabólica,0.15,86.7,86.7,86.7,86.7,86.7
CREA,CREATININA,Química Metabólica,0.2,33.6,42.4,42.4,33.6,33.6
CSA,CICLOSPORINA,Toxicología Terapeútica,0.1,0.0,0.0,0.0,0.0,0.0
CSecV,Cultivo convencional de TRACTO GENITAL FEMENINO,Microbiologia,0.1,109.8,109.8,109.8,109.8,117.0
CSecVA.,Cultivo automatizado de TRACTO GENITAL FEMENINO,Microbiologia,0.1,268.2,268.2,268.2,268.2,268.2
CSemi,CULTIVO DE SECRECIÓN SEMINAL,Microbiologia,0.1,109.8,109.8,109.8,109.8,117.0
CTraIgA,CHLAMYDIA TRACHOMATIS IgA,Infecciosas,0.1,0.0,0.0,0.0,0.0,0.0
CTraIgG,CHLAMYDIA TRACHOMATIS IgG,Inmunologia,0.1,115.2,115.2,115.2,115.2,115.2
CTraIgM,CHLAMYDIA TRACHOMATIS IgM,Inmunologia,0.1,115.2,115.2,115.2,115.2,115.2
CTraPr,ANTIGENO DE CHLAMYDIA TRACHOMATIS - PRUEBA RÁPIDA,Serologia y Pruebas Rapidas,0.1,0.0,0.0,0.0,0.0,202.5
CU148,RETROCULTIVO  AUTOMATIZADO x2 (2 Aerobios),Microbiología,0.1,0.0,0.0,0.0,0.0,0.0
CURVA-GL75,CURVA DE TOLERANCIA A LA GLUCOSA,Química Metabólica,0.2,118.4,118.4,118.4,118.4,118.4
CUreU,CULTIVO DE UREAPLASMA UREALYTICUM,Microbiologia,0.1,0.0,0.0,0.0,0.0,0.0
CUret,CULTIVO DE SECRECIÓN URETRAL,Microbiologia,0.1,109.8,109.8,109.8,109.8,117.0
CVA,CAMPAÑA - VUELTA A CLASES,CAMPAÑA,0.0,0.0,0.0,0.0,0.0,0.0
CWA,CAMPAÑA - WILSTERMANN CURVA,Campanas Promocionales,0.0,0.0,0.0,0.0,0.0,0.0
CWA1,CAMPAÑA - WILSTERMANN GENERAL,Campanas Promocionales,0.0,0.0,0.0,0.0,0.0,0.0
Ca24,CALCIO EN ORINA (Ca) 24 HORAS,Orinas,0.3,33.6,33.6,33.6,33.6,33.6
CaI,CALCIO IONICO,Electrolitos,0.2,50.4,50.4,50.4,50.4,56.0
CaOr,CALCIO EN ORINA (Ca) OCASIONAL,Orinas,0.3,33.6,33.6,33.6,33.6,33.6
Cal,CALCITONINA,Inmunologia,0.1,0.0,0.0,0.0,0.0,0.0
Calp,CALPROTECTINA,Coprología,0.25,317.25,317.25,324.75,317.25,317.25
CelLE,CÉLULAS LUPUS ERITEMATOSO (L.E.),Autoinmunidad,0.1,0.0,0.0,0.0,0.0,0.0
CgA,CROMOGRANINA A,Inmunologia,0.1,0.0,0.0,0.0,0.0,0.0
ChagE,CHAGAS RECOMBINANTE,Inmunologia,0.1,64.8,64.8,64.8,64.8,64.8
ChagHai,CHAGAS HAI,Inmunologia,0.1,64.8,64.8,64.8,64.8,64.8
ChagSt,CHAGAS (MÉTODO DE STROUT),Hematologia,0.3,50.400000000000006,0.0,0.0,0.0,31.5
ChgIFI,CHAGAS IFI,Estudios IFI,0.1,0.0,0.0,0.0,0.0,0.0
ChikVPr,CHIKUNGUNYA (IgG e IgM) - PRUEBA RÁPIDA,Serologia y Pruebas Rapidas,0.1,0.0,0.0,103.5,0.0,103.5
Cist,CISTICERCOSIS IgG,Inmunologia,0.1,164.7,164.7,173.7,164.7,180.0
Cit24,CITRATO EN ORINA DE 24 HORAS,Análisis de Orina,0.1,0.0,0.0,0.0,0.0,0.0
Cl,CLORO (Cl),Electrolitos,0.2,37.6,69.6,69.6,69.6,37.6
Cl24,CLORO EN ORINA (Cl) 24 HORAS,Orinas,0.15,45.05,45.05,45.05,45.05,45.05
ClOr,CLORO EN ORINA (Cl) OCASIONAL,Orinas,0.15,45.05,45.05,45.05,45.05,45.05
CmvIgG,CITOMEGALOVIRUS IgG,Inmunologia,0.1,218.7,218.7,218.7,218.7,218.7
CmvIgM,CITOMEGALOVIRUS IgM,Inmunologia,0.1,218.7,218.7,218.7,218.7,218.7
Col,COLESTEROL,Química Metabólica,0.2,37.6,46.4,41.6,37.6,37.6
Col/HDL,INDICE DE RIESGO ATEROGÉNICO,Química Metabólica,0.1,0.0,0.0,0.0,0.0,0.0
CoprC,COPROCULTIVO,Microbiologia,0.1,101.7,101.7,101.7,101.7,117.0
Copro,COPROPARASITOLÓGICO,Coprología,0.3,26.6,26.6,26.6,26.6,28.0
Copro*2,COPROPARASITOLÓGICO SERIADO X2,Coprología,0.3,51.1,51.1,51.1,51.1,51.1
Copro*3,COPROPARASITOLÓGICO SERIADO X3,Coprología,0.3,72.1,72.1,72.1,72.1,72.1
Copro2M,COPROPARASITOLÓGICO SEGUNDA MUESTRA,Coprología,0.3,0.0,0.0,0.0,0.0,0.0
Copro3M,COPROPARASITOLÓGICO TERCERA MUESTRA,Coprología,0.3,0.0,0.0,0.0,0.0,0.0
Cort24,CORTISOL EN ORINA DE 24 HORAS,Orinas,0.1,154.8,154.8,154.8,154.8,154.8
CortAm,CORTISOL AM,Endocrinologia,0.1,154.8,154.8,154.8,154.8,154.8
CortOr,CORTISOL EN ORINA OCASIONAL,Orinas,0.1,154.8,154.8,154.8,154.8,154.8
CortPm,CORTISOL PM,Endocrinologia,0.1,154.8,154.8,154.8,154.8,154.8
CovInf,ANTÍGENO COVID & INFLUENZA A y B,Inmunologia,0.1,0.0,0.0,0.0,0.0,0.0
Cre24,CREATINURIA ORINA DE 24 HORAS,Orinas,0.3,32.9,36.4,36.4,32.9,32.9
CreOr,CREATINURIA OCASIONAL,Orinas,0.3,36.4,36.4,36.4,36.4,36.4
Crio,CRIOGLOBULINA,Hematologia,0.3,421.4,421.4,421.4,421.4,0.0
Ctp,CARIOTIPO,PRUEBAS ESPECIALES,0.1,0.0,0.0,0.0,0.0,0.0
CulAu,CULTIVO AUTOMATIZADO DE GÉRMENES COMUNES,Microbiologia,0.1,277.2,277.2,277.2,277.2,277.2
Cyfra,CYFRA 21-1 (PULMÓN),PRUEBAS ESPECIALES,0.1,0.0,0.0,0.0,0.0,0.0
D4And,DELTA 4-ANDROSTENEDIONA,Endocrinologia,0.1,0.0,279.0,0.0,0.0,0.0
DDPr,DIMERO D - PRUEBA RÁPIDA,Serologia y Pruebas Rapidas,0.1,0.0,0.0,0.0,0.0,0.0
DHEA,DESHIDROEPIANDROSTENA (DHEA),Inmunologia,0.1,0.0,0.0,0.0,0.0,0.0
DHT,DIHIDROTESTOSTERONA (DHT),Endocrinologia,0.1,0.0,0.0,0.0,0.0,0.0
DNAIF,ANTI-ssDNA IFI,Estudios IFI,0.1,0.0,0.0,0.0,0.0,0.0
DNP,ANTI DNP,Autoinmunidad,0.1,0.0,0.0,0.0,0.0,0.0
DPGIgA,ANTI-DGP IgA,Autoinmunidad,0.1,0.0,319.5,0.0,0.0,0.0
DPGIgG,ANTI-DGP IgG,Autoinmunidad,0.1,0.0,319.5,0.0,0.0,0.0
DRG11,PANEL MULTIDROGAS DE 11 ANALITOS,Drogas de Abuso,0.1,0.0,0.0,0.0,340.2,333.0
DSem,DIRECTO DE LIQUIDO SEMINAL,Estudio de Líquidos Biológicos,0.1,47.7,0.0,0.0,0.0,0.0
Deng,DENGUE IgG/IgM/NS1,Inmunologia,0.1,0.0,146.7,146.7,0.0,146.7
DepCre,DEPURACIÓN DE CREATININA,Orinas,0.3,51.1,51.1,51.1,51.1,51.1
DheS,DHEA-S,Endocrinologia,0.1,272.7,272.7,272.7,272.7,272.7
DimD,DÍMERO D,Hemostasia,0.1,0.0,0.0,0.0,0.0,0.0
DisEr,DISMORFISMO ERITROCITARIO,Orinas,0.3,0.0,0.0,30.1,0.0,0.0
DsDNA.,ANTI DS DNA,Autoinmunidad,0.1,253.8,253.8,253.8,253.8,253.8
E2,ESTRADIOL,Endocrinologia,0.1,154.8,154.8,154.8,154.8,154.8
E3,ESTRIOL,Inmunologia,0.1,0.0,0.0,0.0,0.0,0.0
EBVIgG,VIRUS DEL EPSTEIN BARR IgG,Inmunologia,0.1,199.8,199.8,199.8,199.8,199.8
EBVIgM,VIRUS DEL EPSTEIN BARR IgM,Inmunologia,0.1,199.8,199.8,199.8,199.8,199.8
EBVPr,VIRUS DEL EPSTEIN BARR - PRUEBA RÁPIDA,Serologia y Pruebas Rapidas,0.1,0.0,0.0,0.0,0.0,135.0
EGO.,EXAMEN GENERAL DE ORINA,Orinas,0.3,0.0,0.0,0.0,0.0,0.0
EMR,EMR DE LEUCEMIA BILINEAL,CITOMETRIA DE FLUJO,0.1,0.0,0.0,0.0,0.0,0.0
ENA,"ENA PROFILE (Anti-SmD, Anti RNP, Anti SS-B/La, Anti SS-A/Ro, Anti Jo-l, Anti Scl-70)",Autoinmunidad,0.1,496.8,0.0,496.8,496.8,496.8
ETS12,PANEL DE ETS 12 PATÓGENOS,BIOLOGIA MOLECULAR,0.1,0.0,0.0,0.0,0.0,0.0
ETS13,PANEL DE ENFERMEDADES DE TRANSMISIÓN SEXUAL (ETS) 13 PATÓGENOS,BIOLOGIA MOLECULAR,0.1,990.0,0.9,990.0,990.0,990.0
ElLipo,ELECTROFORESIS DE LIPOPROTEINAS,Química Metabólica,0.1,0.0,0.0,0.0,0.0,405.0
ElProt,ELECTROFORESIS DE PROTEÍNAS,Química Metabólica,0.1,0.0,0.0,0.0,0.0,0.0
End,ANTI ENDOMISIO IgG,Autoinmunidad,0.1,339.3,366.3,366.3,366.3,366.3
EndIgA,ANTI ENDOMISIO IgA,Autoinmunidad,0.1,339.3,366.3,366.3,366.3,366.3
Es1764,CITRATO EN ORINA OCACIONAL,Análisis de Orina,0.1,0.0,0.0,0.0,0.0,0.0
Es1777,TOXOPLASMOSIS IgG (ELISA),Análisis de Orina,0.1,0.0,0.0,0.0,0.0,0.0
Es1778,TOXOPLASMOSIS IgM (ELISA),Análisis de Orina,0.1,0.0,0.0,0.0,0.0,0.0
Es1826,PCR - HERPES SIMPLEX VIRUS 1 (HSV1) HERPES SIMPLEX VIRUS 2 (HSV2),Biología Molecular,0.1,0.0,0.0,0.0,0.0,0.0
Es1827,DOSIFICACIÓN DE ERITROPOYETINA,Endocrinologia,0.1,0.0,0.0,0.0,0.0,0.0
Es1828,ACIDOS BILIARES,Análisis de Orina,0.1,0.0,0.0,0.0,0.0,0.0
Es1829,GASTRINA SERICA,Inmunología,0.1,0.0,0.0,0.0,0.0,0.0
Es1833,Prueba de la Tuberculina (PPD),Inmunología,0.1,0.0,0.0,0.0,0.0,167.4
Es1834,VANCOCINEMIA,Química Metabólica,0.1,0.0,0.0,0.0,0.0,0.0
Es1836,Chagas Elisa IgM,Infecciosas,0.1,0.0,0.0,0.0,0.0,0.0
Es1837,COLISTINA,Microbiología,0.1,0.0,0.0,0.0,0.0,0.0
Es1838,Ureaplasma urealyticum - Mycoplasma hominis,Microbiología,0.1,0.0,0.0,0.0,0.0,531.0
Es1839,INMUNOGLOBULINA G SUBCLASE 4,Inmunología,0.1,0.0,0.0,0.0,0.0,0.0
Es1840,FACTOR V DE COAGULACION,Hematología,0.1,0.0,0.0,0.0,0.0,0.0
Es1841,HLA-B27,Biología Molecular,0.1,0.0,0.0,0.0,0.0,0.0
Es1842,Cistatina C,Química Metabólica,0.1,0.0,0.0,0.0,0.0,0.0
Es1843,HLB,Hematología,0.1,0.0,0.0,0.0,0.0,0.0
Es1844,PROCALCITONINA (FIA),Inmunología,0.1,360.0,360.0,360.0,360.0,360.0
Es1845,DÍMERO D (FIA),Hematología,0.1,270.0,270.0,270.0,270.0,270.0
Es1846,PSA Total (FIA),Inmunología,0.1,0.0,0.0,222.3,0.0,222.3
Es1847,PSA Libre (FIA),Inmunología,0.1,0.0,0.0,222.3,0.0,222.3
Es1848,HEMOGLOBINA GLICOSILADA A1c (FIA),Química Metabólica,0.1,0.0,184.5,184.5,184.5,184.5
Es1849,VITAMINA D 25-OH (FIA),Inmunología,0.1,0.0,0.0,270.0,270.0,225.0
Es1850,Tiroxina Total - T4 (FIA),Inmunología,0.1,0.0,0.0,136.8,0.0,0.0
Es1851,VITAMINA B12 (FIA),Inmunología,0.1,271.8,0.0,271.8,271.8,271.8
Es1852,AC. ANTICITRULINA Anti-CCP (FIA),Inmunología,0.1,0.0,0.0,234.0,0.0,234.0
Es1853,PÉPTIDO B NATRIURÉTICO NT-ProBNP (FIA),Análisis de Orina,0.1,315.0,315.0,315.0,315.0,0.0
Es1854,CA 125 (FIA),Inmunología,0.1,0.0,0.0,220.5,220.5,220.5
Es1855,CA 19-9 (FIA),Inmunología,0.1,0.0,0.0,0.0,0.0,0.0
Es1856,CA 15-3 (FIA),Inmunología,0.1,0.0,0.0,0.0,0.0,0.0
Es1857,TROPONINA CARDIACA I (FIA),Inmunología,0.1,324.0,324.0,324.0,324.0,0.0
Es1858,HORMONA FOLÍCULO ESTIMULANTE - FSH (FIA),Inmunología,0.1,0.0,0.0,146.7,0.0,0.0
Es1859,HORMONA LUTEINIZANTE - LH (FIA),Inmunología,0.1,0.0,0.0,146.7,0.0,0.0
Es1860,BHCG - CUANTITATIVA (FIA),Inmunología,0.1,0.0,151.2,0.0,151.2,0.0
Es1861,APTT - Test de mezcla,Hematología,0.1,238.5,0.0,0.0,0.0,0.0
Es1862,AMILASA EN LÍQUIDO,Química Metabólica,0.1,0.0,0.0,0.0,0.0,0.0
Es1863,TINCIÓN DE KINYOUN,Microbiología,0.1,0.0,0.0,0.0,0.0,0.0
Es1864,COAGULOGRAMA (TP APTT T. de Coagulación T. de Sangría),Hematología,0.1,139.5,0.0,139.5,139.5,139.5
Es1865,ANTICUERPOS ANTI-LEGIONELLA IgM/IgG,Inmunología,0.1,0.0,0.0,0.0,0.0,0.0
Es1868,CERULOPLASMINA,Química Metabólica,0.1,0.0,0.0,0.0,0.0,0.0
Es1869,IONOGRAMA  (sodio (Na) potasio (K) cloro (Cl) calcio total (Ca)),Química Metabólica,0.1,171.0,0.0,0.0,243.0,171.0
Es1870,AMH - Hormona Antimulleriana (FIA),Inmunología,0.1,436.5,436.5,436.5,436.5,436.5
Es1871,BIOPSIA DE PIEL PEQUEÑA,Instituto de Patología,0.1,558.0,558.0,558.0,558.0,558.0
Es1872,BIOPSIA DE PIEL MEDIANA,Instituto de Patología,0.1,913.5,0.9,913.5,913.5,913.5
Es1873,BIOPSIA DE PIEL GRANDE,Instituto de Patología,0.1,1147.5,0.9,1147.5,1147.5,1147.5
Es1874,IGF-1 (FIA),Inmunología,0.1,409.5,409.5,409.5,409.5,409.5
Es1875,ANTICARDIOLIPINA IgA,Inmunología,0.1,0.0,0.0,0.0,0.0,0.0
Es1876,BIOPSIA DE HÍGADO,Instituto de Patología,0.1,0.0,0.0,900.0,0.0,0.0
Est,ESTRÓGENOS TOTALES,Inmunologia,0.1,0.0,0.0,0.0,0.0,0.0
Estrona,ESTRONA,Endocrinologia,0.1,0.0,0.0,0.0,0.0,0.0
ExF,EXAMEN EN FRESCO DE:,Microbiología,0.1,0.0,0.0,0.0,38.7,0.0
ExSan,FROTIS DE LAMINA PERIFERICA,Hematología,0.1,0.0,0.0,46.8,0.0,0.0
ExVag,EXAMEN EN FRESCO DE SECRECIÓN VAGINAL,Microbiologia,0.1,38.7,38.7,38.7,38.7,38.7
FA,FOSFATASA ACIDA,Química Metabólica,0.1,0.0,0.0,0.0,0.0,0.0
FAlc,FOSFATASA ALCALINA,Perfil Hepatico,0.3,39.900000000000006,39.900000000000006,39.900000000000006,39.900000000000006,39.900000000000006
FIL-ER,PANEL FILMARRAY - ENFERMEDADES RESPIRATORIAS,BIOLOGIA MOLECULAR,0.05,4593.25,3.8,4593.25,4593.25,4593.25
FIL-GI,PANEL FILMARRAY - ENFERMEDADES GASTROINTESTINALES,BIOLOGIA MOLECULAR,0.05,3937.75,3.8,3937.75,3937.75,3937.75
FIL-HE,PANEL FILMARRAY - HEMOCULTIVO (BCID),BIOLOGIA MOLECULAR,0.05,4593.25,3.8,4593.25,4593.25,4593.25
FIL-JI,PANEL FILMARRAY - JOIN INFECTION,BIOLOGIA MOLECULAR,0.05,6127.5,5.7,6127.5,6127.5,6127.5
FIL-ME,PANEL FILMARRAY - MENINGITIS/ENCEFALITIS,BIOLOGIA MOLECULAR,0.05,4750.0,4.75,4750.0,4750.0,4750.0
FIL-NEU,PANEL FILMARRAY - NEUMONÍA,BIOLOGIA MOLECULAR,0.05,5248.75,4.75,5248.75,5248.75,5248.75
FK506,TACROLIMUS,Toxicología Terapeútica,0.1,0.0,0.0,0.0,0.0,0.0
FOB,SANGRE OCULTA EN HECES,ENSAYOS EN HECES,0.2,66.4,66.4,66.4,66.4,80.0
FOB2M,SANGRE OCULTA EN HECES X2,Coprología,0.2,130.4,130.4,130.4,130.4,160.0
FOB3M,SANGRE OCULTA EN HECES X3,Coprología,0.2,194.4,194.4,194.4,194.4,240.0
FR,FACTOR REUMATOIDEO CUANTITATIVO,Serologia,0.1,56.7,56.7,56.7,56.7,81.0
FSH,HORMONA FOLÍCULO ESTIMULANTE (FSH),Endocrinologia,0.1,146.7,146.7,0.0,146.7,146.7
FTL,FERRITINA,Hematologia,0.1,146.7,146.7,146.7,146.7,146.7
Fapr,FOSFATASA ÁCIDA PROSTÁTICA,Inmunología,0.1,0.0,0.0,0.0,0.0,0.0
Fe,HIERRO SÉRICO,Hematologia,0.3,43.400000000000006,43.400000000000006,43.400000000000006,43.400000000000006,49.0
Fibr,FIBRINÓGENO,Hemostasia,0.1,125.1,128.7,125.1,125.1,126.0
FragEr,FRAGILIDAD OSMÓTICA ERITROCITARIA,Hematología,0.1,0.0,0.0,0.0,0.0,675.0
Fructosamina,FRUCTOSAMINA,Química Metabólica,0.1,0.0,0.0,0.0,0.0,0.0
GAD,ANTICUERPOS ANTI-GAD,Endocrinologia,0.1,0.0,0.0,0.0,0.0,0.0
GASA,GRADIENTE ALBUMINA SERO-ASCITICA (GASA),Estudio de Líquidos Biológicos,0.1,0.0,0.0,0.0,0.0,337.5
GDH,CLOSTRIDIUM DIFFICILE TOXINAS A/B,Coprología,0.1,244.8,244.8,313.65,244.8,244.8
GGT,GAMA GLUTAMIL TRANSFERASA (GGT),Perfil Hepatico,0.2,58.4,58.4,58.4,58.4,58.4
GH,HORMONA DE CRECIMIENTO (GH),Endocrinologia,0.1,196.2,196.2,196.2,196.2,205.2
GH3t,HORM. DE CRECIMIENTO (GH) - 3 TIEMPOS,Endocrinologia,0.1,344.7,344.7,344.7,344.7,344.7
GHPost,H. DE CRECIMIENTO (GH) - POST ESTÍMULO,Endocrinologia,0.1,195.3,195.3,195.3,195.3,195.3
GLT,GALACTOSA TOTAL,Análisis de Orina,0.1,0.0,0.0,0.0,0.0,0.0
GOT,TRANSAMINASAS GOT (AST),Perfil Hepatico,0.2,41.6,45.6,41.6,41.6,41.6
GPT,TRANSAMINASAS GPT (ALT),Perfil Hepatico,0.2,41.6,45.6,41.6,41.6,41.6
GRh,GRUPO SANGUÍNEO Y FACTOR RH,Hematologia,0.3,32.9,32.9,32.9,32.9,32.9
GaAr,GASOMETRÍA ARTERIAL,Medio Interno,0.1,0.0,0.0,315.0,0.0,0.0
GaVe,GASOMETRÍA VENOSA,Medio Interno,0.1,0.0,0.0,315.0,0.0,0.0
Gli120,GLICEMIA 120 MIN,Química Metabólica,0.15,45.05,45.05,45.05,45.05,45.05
Gli180,GLICEMIA 180 MIN,Química Metabólica,0.15,45.05,45.05,45.05,45.05,45.05
Gli24,GLICEMIA EN ORINA DE 24 HORAS,Análisis de Orina,0.1,0.0,0.0,0.0,0.0,40.5
Gli30,GLICEMIA 30 MIN,Química Metabólica,0.15,45.05,45.05,45.05,45.05,45.05
Gli60,GLICEMIA 60 MIN,Química Metabólica,0.15,45.05,45.05,45.05,45.05,45.05
Gli90,GLICEMIA 90 MIN,Química Metabólica,0.15,45.05,45.05,45.05,45.05,45.05
GliB,GLICEMIA BASAL,Química Metabólica,0.3,33.6,33.6,33.6,33.6,33.6
GliPP,GLICEMIA POST-PRANDIAL,Química Metabólica,0.3,33.6,33.6,33.6,33.6,33.6
Glo,GLOBULINA,PERFIL PROTEICO,0.3,64.4,64.4,64.4,64.4,64.4
GoGr,GOTA GRUESA,Hematologia,0.3,32.9,32.9,32.9,32.9,32.9
GpIgA,ANTI GLIADINA IgA,Autoinmunidad,0.1,292.5,319.5,319.5,319.5,319.5
GpIgG,ANTI GLIADINA IgG,Autoinmunidad,0.1,292.5,319.5,319.5,319.5,319.5
GstLia,"PANEL DIGESTIVO AUTOINMUNE (Factor intrínseco, ASCA, Transglutaminasas, Gliadina, Células parietales) Gastro Lia",Autoinmunidad,0.1,0.0,0.0,0.0,0.0,0.0
HA2,SEGUNDA MUESTRA DE HEMOCULTIVO AUTOMATIZADO,Microbiologia,0.1,0.0,0.0,0.0,0.0,0.0
HA3,TERCERA MUESTRA DE HEMOCULTIVO AUTOMATIZADO,Microbiologia,0.1,0.0,0.0,0.0,0.0,0.0
HAAer,HEMOCULTIVO AUTOMATIZADO AEROBIO,Microbiologia,0.1,702.0,702.0,702.0,702.0,702.0
HAAna,HEMOCULTIVO AUTOMATIZADO ANAEROBIO,Microbiologia,0.1,702.0,702.0,702.0,702.0,702.0
HAVIgG,HEPATITIS A (HAV) IgG,Inmunologia,0.1,208.8,208.8,208.8,208.8,208.8
HAVIgM,HEPATITIS A (HAV) IgM,Inmunologia,0.1,208.8,208.8,208.8,208.8,208.8
HAVPr,HEPATITIS A - PRUEBA RÁPIDA,Inmunologia,0.1,0.0,0.0,0.0,100.8,100.8
HBVe,ANTIGENO e PARA HEPATITIS B (HBeAg),Estudios Especiales,0.1,0.0,0.0,0.0,0.0,0.0
HBcAc,HEPATITIS B (HBc Ac) - ANTICORE,Inmunologia,0.1,136.8,136.8,136.8,136.8,136.8
HBcAcIgG,HEPATITIS B (HBc Ac) - ANTICORE IgG,Inmunologia,0.1,159.3,159.3,159.3,159.3,159.3
HBcAcIgM,HEPATITIS B (HBc Ac) - ANTICORE IgM,Inmunologia,0.1,173.7,200.7,200.7,200.7,200.7
HBeAc,HEPATITIS B (HBe Ac) - ANTICUERPO E,Inmunologia,0.1,0.0,0.0,0.0,0.0,0.0
HBeAg,HEPATITIS B (HBeAg) - ANTÍGENO E,Inmunologia,0.1,155.7,155.7,155.7,155.7,155.7
HBsAc.,HEPATITIS B (HBs Ac) - ANTICUERPO DE SUPERFICIE,Inmunologia,0.1,146.7,146.7,146.7,146.7,146.7
HBsAg,HEPATITIS B (HBsAg) - ANTÍGENO DE SUPERFICIE,Inmunologia,0.1,146.7,146.7,146.7,146.7,146.7
HBsAgPr,HEPATITIS B (HBsAg) - PRUEBA RÁPIDA,Inmunologia,0.1,0.0,106.2,106.2,106.2,0.0
HCV,HEPATITIS C (HCV),Inmunologia,0.1,182.7,182.7,182.7,182.7,182.7
HCV Ac,HEPATITIS C (HCV) IgG,Infecciosas,0.1,0.0,0.0,0.0,0.0,0.0
HCVPr,HEPATITIS C - PRUEBA RÁPIDA,Inmunologia,0.1,106.2,106.2,106.2,106.2,106.2
HEMA2,HEMOCULTIVO SERIADO AUTOMATIZADO X2 (Aerobio o Anaerobio),Microbiologia,0.1,918.0,0.9,918.0,918.0,918.0
HEMA3,HEMOCULTIVO SERIADO AUTOMATIZADO X3 (Aerobio o Anaerobio),Microbiologia,0.1,1134.0,0.9,1134.0,1134.0,1134.0
HEMX2,HEMOCULTIVO SERIADO X2,Microbiologia,0.1,495.0,495.0,495.0,495.0,495.0
HEMX3,HEMOCULTIVO SERIADO X3,Microbiologia,0.1,711.0,711.0,711.0,711.0,711.0
HIDAT,HIDATIDOSIS IgG,Inmunologia,0.1,180.0,180.0,180.0,180.0,180.0
HIV4ta,HIV 4ta GENERACIÓN,Inmunologia,0.1,249.3,249.3,249.3,249.3,249.3
HIV4taE,HIV I-II (ELISA),Inmunología,0.1,0.0,0.0,0.0,0.0,0.0
HIVPr,HIV Ac 1-2,Inmunologia,0.1,105.3,105.3,105.3,105.3,108.0
HMCB,HEMOGRAMA COMPLETO CBBA,Hematologia,0.2,37.6,0.0,0.0,0.0,37.6
HMLP,HEMOGRAMA COMPLETO LPZ,Hematologia,0.2,0.0,37.6,0.0,0.0,0.0
HMSC,HEMOGRAMA COMPLETO SCZ,Hematologia,0.2,0.0,0.0,45.6,0.0,0.0
HMSU,HEMOGRAMA COMPLETO SUCRE,Hematologia,0.2,0.0,0.0,0.0,37.6,0.0
HOMA,ÍNDICE HOMA,Endocrinologia,0.1,199.8,0.0,199.8,199.8,199.8
HPV14,PCR VIRUS DEL PAPILOMA HUMANO  VPH  14 CEPAS,BIOLOGIA MOLECULAR,0.1,0.0,298.8,0.0,0.0,0.0
HPV22,PANEL DE HPV 22 CEPAS,BIOLOGIA MOLECULAR,0.1,0.0,0.0,0.0,0.0,0.0
HPV35,PANEL DE HPV 35 CEPAS,BIOLOGIA MOLECULAR,0.1,0.0,0.0,0.0,0.0,0.0
HPylIgA,HELICOBACTER PYLORI IgA,Inmunologia,0.1,240.3,240.3,240.3,240.3,240.3
HPylIgG,HELICOBACTER PYLORI IgG,Inmunologia,0.1,240.3,240.3,240.3,240.3,240.3
HPylIgM,HELICOBACTER PYLORI IgM,Inmunologia,0.1,240.3,240.3,240.3,240.3,240.3
HbA1c,HEMOGLOBINA GLICOSILADA A1C,Química Metabólica,0.15,174.25,0.0,0.0,0.0,0.0
HbG1,HEMOGLOBINA GLICOSILADA 1,Química Metabólica,0.1,105.3,105.3,118.8,105.3,105.3
HcG,BHCG - CUALITATIVA,Embarazo,0.2,34.4,34.4,34.4,34.4,40.0
Hem2,SEGUNDA MUESTRA DE HEMOCULTIVO,Microbiologia,0.1,0.0,0.0,0.0,0.0,0.0
Hem3,TERCERA MUESTRA DE HEMOCULTIVO,Microbiologia,0.1,0.0,0.0,0.0,0.0,0.0
HemC,HEMOCULTIVO,Microbiologia,0.1,279.0,279.0,279.0,279.0,279.0
HisIFI,ANTI HISTONAS IFI,Estudios IFI,0.1,0.0,0.0,0.0,0.0,270.0
Hmct,HOMOCISTEÍNA,Química Metabólica,0.1,371.7,371.7,358.2,371.7,389.7
Howell,RECALCIFICACIÓN PLASMÁTICA HOWELL,Hematología,0.1,0.0,0.0,0.0,0.0,67.5
HpPr,ANTICUERPOS HELICOBACTER PYLORI - PRUEBA RÁPIDA,Serologia y Pruebas Rapidas,0.1,0.0,0.0,0.0,0.0,135.0
Hsv1IgG,HERPES TIPO 1 (HSV 1) IgG,Inmunologia,0.1,127.8,127.8,136.8,127.8,127.8
Hsv1IgM,HERPES TIPO 1 (HSV 1) IgM,Inmunologia,0.1,127.8,127.8,136.8,127.8,127.8
Hsv2IgG,HERPES TIPO 2 (HSV 2) IgG,Inmunologia,0.1,127.8,127.8,136.8,127.8,127.8
Hsv2IgM,HERPES TIPO 2 (HSV 2) IgM,Inmunologia,0.1,127.8,127.8,136.8,127.8,127.8
HsvIgG,HERPES TIPO 1/2 (HSV 1/2) IgG,Infecciosas,0.1,222.3,222.3,222.3,222.3,222.3
HsvIgM,HERPES TIPO 1/2 (HSV 1/2) IgM,Infecciosas,0.1,222.3,222.3,222.3,222.3,222.3
ID-LEV,IDENTIFICACIÓN DE LEVADURAS Y ANTIFUNGIGRAMA AUTOMATIZADO,Microbiologia,0.1,0.0,0.0,0.0,0.0,0.0
IGF1,IGF-1,Endocrinologia,0.1,0.0,0.0,0.0,0.0,0.0
IGFBP,IGFBP-3,Endocrinologia,0.1,0.0,0.0,0.0,0.0,0.0
IL6,INTERLEUCINA 6,Inmunologia,0.1,424.8,424.8,424.8,424.8,424.8
IM1,EXAMEN VISUAL,Estudios Especiales,0.0,0.0,0.0,0.0,0.0,0.0
IM2,ELECTROCARDIOGRAMA,Estudios Especiales,0.0,170.0,0.0,0.0,0.0,0.0
IM3,EVALUACION MEDICA,Estudios Especiales,0.0,220.0,0.0,0.0,0.0,0.0
IM4,AUDIOMETRIA,Estudios Especiales,0.0,0.0,0.0,0.0,0.0,0.0
IM5,TELEMED SEGUROS,Estudios Especiales,0.1,0.0,0.0,0.0,0.0,0.0
INHA,INHIBIDA A,Inmunología,0.1,0.0,0.0,0.0,0.0,0.0
INHB,INHIBINA B,Inmunologia,0.1,0.0,0.0,0.0,0.0,0.0
INP001,BIOPSIA GRANDE,PATOLOGIA,0.1,784.8,811.8,811.8,811.8,811.8
INP002,BIOPSIA MEDIANA,PATOLOGIA,0.1,514.8,541.8,541.8,541.8,541.8
INP003,BIOPSIA PEQUEÑA,PATOLOGIA,0.1,325.8,352.8,352.8,352.8,352.8
INP004,BIOPSIA POR CONGELACIÓN,PATOLOGIA,0.1,0.0,0.0,0.0,0.0,0.0
INP005,CITOLOGÍA DE LÍQUIDOS,PATOLOGIA,0.1,385.2,412.2,412.2,412.2,412.2
INP006,INMUNOHISTOQUÍMICA,PATOLOGIA,0.1,2252.7,1.8,2279.7,2279.7,2279.7
INP007,INMUNOHISTOQUÍMICA DE MAMA,PATOLOGIA,0.1,0.0,0.0,0.0,0.0,0.0
INP008,INMUNOHISTOQUÍMICA POR TRANSPLANTE,PATOLOGIA,0.1,0.0,0.0,0.0,0.0,0.0
INP009,INMUNOFLUORESCENCIA,PATOLOGIA,0.1,0.0,0.0,0.0,1620.0,0.0
INP010,MICROSCOPÍA ÓPTICA RENAL,PATOLOGIA,0.1,1558.8,0.9,1585.8,1585.8,1585.8
INP011,PAAF,PATOLOGIA,0.1,0.0,0.0,0.0,0.0,0.0
INP012,PAPANICOLAOU CONVENCIONAL,PATOLOGIA,0.05,83.6,112.1,112.1,112.1,112.1
INP013,PAPANICOLAOU EN BASE LÍQUIDA,PATOLOGIA,0.05,116.85,145.35,145.35,145.35,145.35
INP015,BIOPSIA DE MÉDULA ÓSEA,PATOLOGIA,0.1,1558.8,0.9,1585.8,1585.8,1585.8
INP016,BIOPSIA DE PIEL,PATOLOGIA,0.1,0.0,0.0,0.0,0.0,0.0
IdBac,IDENTIFICACIÓN BACTERIANA AUTOMATIZADA,Microbiologia,0.1,0.0,0.0,0.0,0.0,0.0
IgA,INMUNOGLOBULINA A,Inmunologia,0.1,178.2,178.2,178.2,178.2,178.2
IgD,INMUNOGLOBULINA D,Inmunologia,0.1,0.0,0.0,0.0,0.0,0.0
IgE,INMUNOGLOBULINA E,Inmunologia,0.1,200.7,200.7,200.7,200.7,200.7
IgG,INMUNOGLOBULINA G,Inmunologia,0.1,173.7,173.7,173.7,173.7,173.7
IgM,INMUNOGLOBULINA M,Inmunologia,0.1,178.2,178.2,178.2,178.2,178.2
InhL,INHIBIDOR LÚPICO,Hemostasia,0.1,334.8,361.8,361.8,361.8,361.8
Ins120,INSULINA 120 MIN,Endocrinologia,0.1,195.3,195.3,195.3,195.3,195.3
Ins180.,INSULINA 180 MIN,Endocrinologia,0.1,195.3,195.3,195.3,195.3,195.3
Ins30,INSULINA 30 MIN,Endocrinologia,0.1,195.3,195.3,195.3,195.3,195.3
Ins60,INSULINA 60 MIN,Endocrinologia,0.1,195.3,195.3,195.3,195.3,195.3
Ins90,INSULINA 90 MIN,Endocrinologia,0.1,195.3,195.3,195.3,195.3,195.3
InsB,INSULINA BASAL,Endocrinologia,0.1,195.3,195.3,195.3,195.3,195.3
InsPP,INSULINA POST-PRANDIAL,Endocrinologia,0.1,195.3,195.3,195.3,195.3,195.3
Jo1,ANTI JO-1,Inmunología,0.1,0.0,0.0,0.0,0.0,202.5
K,POTASIO (K),Electrolitos,0.2,38.4,55.2,55.2,55.2,38.4
K24,POTASIO EN ORINA (K) 24 HORAS,Orinas,0.2,38.4,38.4,38.4,38.4,38.4
KOr,POTASIO EN ORINA (K) OCASIONAL,Orinas,0.2,38.4,38.4,38.4,38.4,38.4
LDH-BIO,LACTATO DESHIDROGENASA (LDH),Química Metabólica,0.1,73.8,46.8,109.8,78.3,73.8
LH,HORMONA LUTEINIZANTE (LH),Endocrinologia,0.1,146.7,146.7,0.0,146.7,146.7
LKMIF,LKM-1 IFI,Autoinmunidad,0.1,326.7,353.7,353.7,353.7,353.7
LST,TUBO DE SCREENING LINFOCITARIO (LST),CITOMETRIA DE FLUJO,0.1,0.0,0.0,0.0,0.0,0.0
La,ANTI-SSB (La),Inmunología,0.1,0.0,0.0,0.0,0.0,0.0
Lact,LACTATO,Química Metabólica,0.1,109.8,109.8,109.8,109.8,121.5
LeuAg,LEUCEMIA AGUDA,Citometría de Flujo,0.1,0.0,0.0,0.0,0.0,0.0
LeuCr,LEUCEMIA MIELOIDE CRÓNICA,CITOMETRIA DE FLUJO,0.1,0.0,0.0,0.0,0.0,0.0
Lient,LIENTERIA,Coprología,0.3,23.1,23.1,23.1,23.1,23.1
Linfoma,ESTUDIO DE LINFOMA,CITOMETRIA DE FLUJO,0.1,0.0,0.0,0.0,0.0,0.0
Lip,LIPASA,Química Metabólica,0.1,169.2,169.2,169.2,169.2,169.2
LipT,LÍPIDOS TOTALES,Química Metabólica,0.1,61.2,61.2,61.2,61.2,61.2
LitRen,ANÁLISIS FÍSICO-QUÍMICO DE LITO RENAL,Orinas,0.1,141.3,141.3,141.3,141.3,225.0
Litio,LITIO (LI),Toxicología Terapeútica,0.1,292.5,0.0,0.0,0.0,0.0
LiverLia,"PANEL HEPÁTICO AUTOINMUNE (Sp100, Tropomiosina, F-actinina, LKM-1, LC1, alfa actinina, SLA-LP, gp210, AMA-M2) Liver Lia",Autoinmunidad,0.1,0.0,0.0,0.0,0.0,0.0
M23E,AMA M2-3E,Autoinmunidad,0.1,0.0,0.0,0.0,0.0,0.0
MAlb,MICROALBUMINURIA OCASIONAL,Orinas,0.1,73.8,73.8,73.8,73.8,76.5
MAlb24,MICROALBUMINURIA DE 24 HORAS,Análisis de Orina,0.1,73.8,0.0,0.0,73.8,76.5
MFec,MOCO FECAL,Coprología,0.3,22.4,22.4,22.4,22.4,22.4
MG,MAGNESIO (Mg),Electrolitos,0.2,42.4,42.4,42.4,42.4,42.4
MM,MIELOMA MÚLTIPLE,CITOMETRIA DE FLUJO,0.1,0.0,0.0,0.0,0.0,0.0
MPO,ANCA-P (a-MPO),Autoinmunidad,0.1,154.8,154.8,154.8,154.8,180.0
MPOIFI,ANTI MPO,Estudios IFI,0.1,0.0,0.0,0.0,0.0,270.0
MRD,ENFERMEDAD MÍNIMA RESIDUAL,CITOMETRIA DE FLUJO,0.1,0.0,0.0,0.0,0.0,0.0
Mg24,MAGNESIO EN ORINA (Mg) 24 HORAS,Orinas,0.3,37.1,37.1,37.1,37.1,37.1
MgOr,MAGNESIO EN ORINA (Mg) OCASIONAL,Orinas,0.3,37.1,37.1,37.1,37.1,37.1
MicD,MICOLÓGICO DIRECTO,Microbiologia,0.1,33.3,33.3,37.8,33.3,45.0
MxQFT,COLECTOR - QuantiFERON TB,Inmunologia,0.1,631.8,631.8,631.8,631.8,631.8
NH4,AMONIO SÉRICO,Química Metabólica,0.1,343.8,280.8,316.8,0.0,0.0
NH4LCR,AMONIO EN LCR,Líquidos Biologicos,0.1,0.0,0.0,0.0,0.0,0.0
NA,SODIO (NA),Química Metabólica,0.1,0.0,0.0,0.0,0.0,0.0
Na24,SODIO EN ORINA (Na) 24 HORAS,Orinas,0.2,37.6,37.6,76.0,37.6,37.6
NaOr,SODIO EN ORINA (Na) OCASIONAL,Orinas,0.2,37.6,37.6,76.0,37.6,37.6
NeoTSH,TSH - TÉCNICA NEONATAL,Endocrinologia,0.1,146.7,146.7,146.7,146.7,146.7
Nocardia,ESTUDIO DE NOCARDIA,Microbiología,0.1,0.0,0.0,0.0,0.0,135.0
OsmUr,OSMOLARIDAD URINARIA OCASIONAL,Medio Interno,0.1,0.0,0.0,0.0,0.0,0.0
Ox24,OXALATO EN ORINA DE 24 HORAS,Análisis de Orina,0.1,0.0,0.0,0.0,0.0,0.0
OxaCitO,OXALATO EN ORINA OCASIONAL,Análisis de Orina,0.1,0.0,0.0,0.0,0.0,0.0
P,FÓSFORO (P),Electrolitos,0.25,39.0,39.0,39.0,39.0,39.0
P24,FÓSFORO EN ORINA 24 HORAS,Orinas,0.3,36.4,36.4,36.4,36.4,36.4
PBil,"Perfil de Bilirrubinas (Bilirrubinas Totales, Directa e Indirecta)",Perfil Hepatico,0.25,57.75,0.0,57.75,57.75,57.75
PCN,PRUEBA DE SENSIBILIDAD A LA PENICILINA,Estudios Especiales,0.1,0.0,0.0,0.0,0.0,0.0
PCRc,PROTEÍNA C REACTIVA CUANTITATIVO,Serologia,0.1,74.7,74.7,74.7,74.7,74.7
PCT,PROCALCITONINA,Química Metabólica,0.1,0.0,0.0,0.0,0.0,0.0
PCTe,PROCALCITONINA (ELISA),Inmunología,0.1,0.0,0.0,0.0,0.0,0.0
PCoag,Perfil de Coagulación (T. de Coagulación T. de Sangría Tiempo Protrombina),Hematologia,0.1,0.0,0.0,0.0,0.0,0.0
PE200,PERFIL TIROIDEO (T3 T4 T4 libre TSH),Inmunología,0.1,568.8,0.0,568.8,568.8,568.8
PFLU,PANEL DE INFLUENZA,Biología Molecular,0.1,542.7,542.7,542.7,0.0,542.7
PFe,Perfil de Hierro (Hierro sérico TIBC Ferritina Transferrina),Química Metabólica,0.1,325.8,0.0,325.8,325.8,325.8
PG24,PANEL GASTROINTESTINAL DE 24 PATÓGENOS,BIOLOGIA MOLECULAR,0.05,2900.35,2.85,2900.35,2900.35,2900.35
PGAR,PCR PANEL DE GARRAPATAS,BIOLOGIA MOLECULAR,0.1,1045.8,0.9,1045.8,1045.8,0.0
PHep,"Perfil Hepático (GOT, GPT, Fosfatasa Alcalina, GGT, Bilirrubinas)",Química Metabólica,0.2,209.6,0.0,209.6,209.6,209.6
PLip,"Perfil Lipídico (Colesterol, HDL, LDL, VLDL, Triglicéridos)",Química Metabólica,0.1,150.3,0.0,181.8,150.3,150.3
PM17,PANEL MENINGITIS/ENCEFALITIS 17 PATÓGENOS,BIOLOGIA MOLECULAR,0.05,2807.25,1.9,2807.25,2807.25,2807.25
PMB,PANEL DE MENINGITIS BACTERIAL,BIOLOGIA MOLECULAR,0.1,0.0,0.0,0.0,0.0,0.0
PMV,PANEL DE MENINGITIS VIRAL,BIOLOGIA MOLECULAR,0.1,0.0,0.0,0.0,0.0,0.0
POr.,FÓSFORO EN ORINA OCASIONAL,Orinas,0.3,36.4,36.4,36.4,36.4,36.4
PPan,Perfil Pancreático (Amilasa Lipasa),Química Metabólica,0.1,226.8,0.0,226.8,226.8,226.8
PProt,"Perfil Proteico (proteínas Totales, Albúmina, Globulina, A/G)",Química Metabólica,0.2,89.6,0.0,89.6,89.6,89.6
PR10Pr,PANEL RESPIRATORIO 10 PATÓGENOS (PRUEBA RAPIDA),Serologia y Pruebas Rapidas,0.1,209.7,209.7,209.7,209.7,209.7
PR24,PANEL RESPIRATORIO DE 24 PATÓGENOS,BIOLOGIA MOLECULAR,0.05,2805.35,1.9,2805.35,2805.35,0.0
PR3,ANCA-C (a-PR3),Autoinmunidad,0.1,154.8,154.8,154.8,154.8,180.0
PR30,PANEL RESPIRATORIO DE 30 PATÓGENOS,BIOLOGIA MOLECULAR,0.053,2275.641,1.894,2275.641,2275.641,2275.641
PR4,"PANEL RESPIRATORIO VIRAL (COVID-19, INFLUENZA A/B, SINCITIAL)",BIOLOGIA MOLECULAR,0.1,0.0,0.0,0.0,0.0,0.0
PRSC,PARASITOLÓGICO CONCENTRADO,Coprología,0.3,29.4,29.4,29.4,29.4,29.4
PRen,Perfil Renal (Creatinina Urea BUN Ácido Úrico),Química Metabólica,0.2,137.6,0.0,137.6,137.6,137.6
PS14,PANEL DE SEPSIS DE 14 PATOGENOS,Biología Molecular,0.1,0.0,0.0,0.0,0.0,0.0
PS20,PANEL DE SEPSIS DE 20 PATÓGENOS,BIOLOGIA MOLECULAR,0.1,0.0,0.0,0.0,0.0,0.0
PTH,PARATOHORMONA (PTH),Endocrinologia,0.1,271.8,271.8,271.8,271.8,271.8
PTriV,"PANEL TRIPLEX VIRAL (COVID-19, INFLUENZA A/B)",BIOLOGIA MOLECULAR,0.1,0.0,0.0,315.0,0.0,0.0
PaA3,PANEL DE ALERGENOS ALIMENTICIOS,Panel de Alergias,0.1,0.0,0.0,0.0,0.0,0.0
PaP4,PANEL DE ALERGENOS PEDIÁTRICO,Panel de Alergias,0.1,1487.7,0.9,1487.7,1487.7,1487.7
PaR2,PANEL DE ALERGENOS RESPIRATORIOS,Panel de Alergias,0.1,0.0,0.0,0.0,0.0,0.0
PaRA,PANEL DE ALERGENOS RESPIRATORIOS Y ALIMENTICIOS,Panel de Alergias,0.1,0.0,0.0,0.0,0.0,0.0
Parvo,PARVOVIRUS B19 (IgG IgM),Infecciosas,0.1,0.0,0.0,0.0,0.0,0.0
PepC,PÉPTIDO C,Endocrinologia,0.1,211.5,211.5,211.5,211.5,211.5
PrHe,CRISTALOGRAFÍA O PRUEBA DE HELECHO,RECUENTOS ESPECIALES,0.1,81.0,73.8,73.8,73.8,73.8
PrPt,PLASMA RICO EN PLAQUETAS,Hematologia,0.1,119.7,119.7,119.7,119.7,119.7
Prg,PROGESTERONA,Endocrinologia,0.1,146.7,146.7,146.7,146.7,146.7
Prl,PROLACTINA,Endocrinologia,0.1,146.7,146.7,146.7,146.7,146.7
ProBNP,PÉPTIDO B NATRIURÉTICO (NT-ProBNP),Química Metabólica,0.1,0.0,0.0,0.0,0.0,0.0
Prot,PROTEÍNAS TOTALES,PERFIL PROTEICO,0.2,45.6,45.6,45.6,45.6,45.6
ProtBJ,PROTEÍNA DE BENCE JONES,Orinas,0.3,44.1,44.1,44.1,44.1,44.1
Prt24,PROTEINURIA DE 24 HORAS,Orinas,0.3,36.4,36.4,36.4,36.4,36.4
PrtOr,PROTEINURIA OCASIONAL,Orinas,0.3,36.4,36.4,36.4,36.4,36.4
PsaL,PSA LIBRE,Marcadores Tumorales,0.1,222.3,222.3,0.0,222.3,0.0
PsaT,PSA TOTAL,Marcadores Tumorales,0.1,222.3,222.3,0.0,222.3,0.0
QFT-TB,QuantiFERON TB,Autoinmunidad,0.1,541.8,541.8,541.8,541.8,541.8
RBDCov,ANTICUERPOS NEUTRALIZANTES DE COVID 19,Inmunologia,0.1,181.8,190.35,190.35,181.8,181.8
RBru,REACCION DE HUDDLESON (BRUCELOSIS),Serologia y Pruebas Rapidas,0.1,0.0,0.0,0.0,0.0,94.5
RET,RECUENTO DE RETICULOCITOS,Hematologia,0.3,29.4,29.4,36.4,29.4,29.4
REos,RECUENTO DE EOSINÓFILOS,RECUENTOS ESPECIALES,0.1,37.8,37.8,37.8,37.8,37.8
RPR,RPR,Serologia,0.1,55.8,55.8,60.3,55.8,55.8
RbIgG,RUBEOLA IgG,Inmunologia,0.1,216.0,0.0,218.7,0.0,216.0
RbIgM,RUBEOLA IgM,Inmunologia,0.1,216.0,0.0,218.7,0.0,216.0
Ren,RENINA,Endocrinologia,0.1,0.0,0.0,0.0,0.0,0.0
RetrC,RETROCULTIVO,Microbiologia,0.1,218.7,218.7,218.7,218.7,218.7
Ro,ANTI-SSA (Ro),Inmunología,0.1,0.0,0.0,0.0,0.0,0.0
SACL,SENSIBILIDAD A LA COLISTINA,Microbiologia,0.1,0.0,0.0,0.0,0.0,0.0
SEM,SEMINOGRAMA,Líquidos Biologicos,0.1,0.0,109.8,0.0,0.0,0.0
SHBG-GLO,GLOBULINA FIJADORA DE HORMONAS SEXUALES (SHBG),Endocrinologia,0.1,298.8,298.8,298.8,298.8,298.8
SMD,SÍNDROME MIELODISPLÁSICO,CITOMETRIA DE FLUJO,0.1,0.0,0.0,0.0,0.0,0.0
ScPre,SCREENING PRENATAL,Inmunologia,0.1,0.0,0.0,0.0,0.0,0.0
SifAT,ANTICUERPOS TOTALES SÍFILIS,Inmunologia,0.1,190.8,190.8,190.8,190.8,190.8
SifIgG,FTA-ABS (SÍFILIS) IgG,Inmunologia,0.1,226.8,253.8,253.8,253.8,253.8
SifIgM,FTA-ABS (SÍFILIS) IgM,Inmunologia,0.1,226.8,253.8,253.8,253.8,253.8
SmRNP,ANTI-SM-RNP,Inmunología,0.1,0.0,0.0,0.0,0.0,0.0
T3,TRIYODOTIRONINA - T3 (CLIA),Endocrinologia,0.1,137.7,137.7,137.7,137.7,137.7
T3L,T3 LIBRE,Endocrinologia,0.1,136.8,136.8,136.8,136.8,136.8
T3R,TRIYODOTIRONINA REVERSA (T3R),Endocrinologia,0.1,0.0,0.0,0.0,0.0,0.0
T4,TIROXINA - T4 (CLIA),Endocrinologia,0.1,136.8,136.8,0.0,136.8,136.8
T4L,T4 LIBRE (CLIA),Endocrinologia,0.1,136.8,136.8,136.8,136.8,136.8
TAMN,TAMIZAJE NEONATAL,Endocrinologia,0.1,666.0,666.0,666.0,666.0,666.0
TBNK,"MULTITEST DE SUBPOBLACIONES DE CÉLULAS NK, LINFOCITOS T Y B",CITOMETRIA DE FLUJO,0.1,0.0,0.0,0.0,0.0,0.0
TC,TIEMPO DE COAGULACIÓN,Hemostasia,0.1,34.2,34.2,34.2,34.2,34.2
TChin,TINTA CHINA,Microbiologia,0.1,37.8,37.8,37.8,37.8,37.8
TDBH,DEGRANULACIÓN DE BASÓFILOS,Hematología,0.1,0.0,0.0,0.0,0.0,270.0
TEST-SUL,TEST DE 'O SULLIVAN,Quimica y Enzimologia,0.1,0.0,0.0,0.0,0.0,0.0
TEsAd,TEST DE ESTRÉS ADRENAL,PRUEBAS ORTOMOLECULAR,0.1,0.0,0.0,0.0,0.0,0.0
TG.,TIROGLOBULINA (TG),Endocrinologia,0.1,154.8,157.5,157.5,154.8,154.8
TGrah,OXIUROS (TEST DE GRAHAM),Coprología,0.3,23.1,23.1,23.1,23.1,23.1
TGram,TINCIÓN DE GRAM,Microbiologia,0.1,38.7,38.7,38.7,38.7,38.7
THC,MARIHUANA SCREEN,Drogas de Abuso,0.2,0.0,0.0,0.0,73.6,0.0
TIBC,CAPACIDAD DE FIJACIÓN DE FE (TIBC),Hematologia,0.2,49.6,49.6,49.6,49.6,56.0
TInd,TEST DE INDICAM,PRUEBAS ORTOMOLECULAR,0.1,371.7,0.0,322.2,0.0,270.0
TM,ELASTASA FECAL,Estudios Especiales,0.1,0.0,0.0,0.0,0.0,0.0
TMD,RECARGO,Estudios Especiales,0.0,45.0,40.0,40.0,40.0,0.0
TMDA,TEST DE MALONDIALDEHÍDO (MDA),PRUEBAS ORTOMOLECULAR,0.1,0.0,0.0,0.0,0.0,0.0
TORCHIgG,PERFIL TORCH IgG (Toxoplasma Rubéola Citomegalovirus Herpes 1/2),Infecciosas,0.1,180.0,0.0,0.0,0.0,0.0
TORCHIgM,PERFIL TORCH IgM (Toxoplasma Rubéola Citomegalovirus Herpes 1/2),Infecciosas,0.1,180.0,0.0,0.0,0.0,0.0
TP,TIEMPO DE PROTROMBINA (TP/INR),Hemostasia,0.1,43.2,43.2,43.2,43.2,43.2
TSH,H. ESTIMULANTE DE TIROIDES - TSH (CLIA),Endocrinologia,0.1,159.3,159.3,159.3,159.3,159.3
TSudn,ESTEATORREA (TEST DE SUDÁN III),ENSAYOS EN HECES,0.3,29.4,29.4,29.4,29.4,29.4
TTro,TIEMPO DE TROMBINA,Hemostasia,0.1,83.7,83.7,83.7,83.7,83.7
TVitC,TEST DE VITAMINA C,PRUEBAS ORTOMOLECULAR,0.1,261.0,281.7,281.7,270.0,270.0
TZiNe,BACILOSCOPIA (TINCIÓN ZIEHL-NEELSEN),Microbiologia,0.1,34.2,34.2,36.45,34.2,36.0
TZiNe2,SEGUNDA MUESTRA BACILOSCOPIA,Microbiologia,0.1,0.0,0.0,0.0,0.0,0.0
TZiNe3,TERCERA MUESTRA BACILOSCOPIA,Microbiologia,0.1,0.0,0.0,0.0,0.0,0.0
TcIFI,CHAGAS IgG IFI,Inmunologia,0.1,0.0,0.0,0.0,0.0,0.0
TcMIFI,CHAGAS IgM IFI,Inmunologia,0.1,0.0,0.0,0.0,0.0,0.0
TestL,TESTOSTERONA LIBRE,Endocrinologia,0.1,146.7,146.7,146.7,146.7,146.7
TestLB/NK,MULTITEST DE LINFOCITOS B Y CÉLULAS NK (CD3/CD16+56/CD19/CD45),Citometría de Flujo,0.1,0.0,0.0,0.0,0.0,0.0
TestLT,MULTITEST DE LINFOCITOS T (CD3/CD4/CD8/CD45),Citometría de Flujo,0.1,0.0,0.0,0.0,0.0,0.0
TestT,TESTOSTERONA TOTAL,Endocrinologia,0.1,146.7,146.7,146.7,146.7,146.7
TgIgA,ANTI TRANSGLUTAMINASA IgA,Autoinmunidad,0.1,292.5,319.5,319.5,319.5,319.5
TgIgG,ANTI TRANSGLUTAMINASA IgG,Autoinmunidad,0.1,292.5,319.5,319.5,319.5,319.5
ToxAvIgG,TEST DE AVIDEZ IgG,Inmunología,0.1,0.0,0.0,0.0,0.0,315.0
ToxCG,TOXOCARA CANIS (IgG IgM),Infecciosas,0.1,0.0,0.0,0.0,0.0,0.0
ToxoHai,TOXOPLASMOSIS HAI,Inmunologia,0.1,0.0,0.0,0.0,0.0,72.0
ToxoIgG.,TOXOPLASMOSIS IgG,Inmunologia,0.1,213.3,213.3,213.3,213.3,213.3
ToxoIgM.,TOXOPLASMOSIS IgM,Inmunologia,0.1,213.3,213.3,213.3,213.3,213.3
Trig,TRIGLICÉRIDOS,Química Metabólica,0.15,45.05,45.05,45.05,45.05,45.05
TropI,TROPONINA I,Química Metabólica,0.1,0.0,0.0,0.0,0.0,0.0
TropIPr,TROPONINA I - PRUEBA RÁPIDA,Serologia y Pruebas Rapidas,0.1,0.0,0.0,0.0,0.0,162.0
Ts,TIEMPO DE SANGRÍA,Hemostasia,0.1,34.2,34.2,34.2,34.2,34.2
UREA,UREA,Química Metabólica,0.2,38.4,40.8,40.8,38.4,38.4
Urea24,UREA EN ORINA DE 24 HORAS,Orinas,0.3,33.6,33.6,33.6,33.6,33.6
UreaOr,UREA EN ORINA OCASIONAL,Orinas,0.3,33.6,33.6,33.6,33.6,33.6
UroA.,UROCULTIVO AUTOMATIZADO,Microbiologia,0.1,227.7,227.7,227.7,227.7,227.7
UroC,UROCULTIVO,Microbiologia,0.1,110.7,110.7,110.7,110.7,117.0
VB12,VITAMINA B12,Química Metabólica,0.1,0.0,0.0,0.0,0.0,0.0
VB6,VITAMINA B6,Química Metabólica,0.1,0.0,0.0,0.0,0.0,0.0
VDRL,VDRL,Serologia,0.1,55.8,55.8,60.3,55.8,55.8
VES,VELOCIDAD DE ERITROSEDIMENTACIÓN (VES),Hematologia,0.15,25.5,25.5,25.5,25.5,25.5
VPA,ÁCIDO VALPROICO,Toxicología Terapeútica,0.1,0.0,0.0,0.0,0.0,0.0
VWF,FACTOR DE VON WILLEBRAND,Hematologia,0.1,0.0,0.0,0.0,0.0,0.0
VitD,VITAMINA D 25(OH),Endocrinologia,0.1,270.0,0.0,0.0,0.0,0.0
VzIgG,VIRUS VARICELA ZOSTER IgG,Inmunología,0.1,0.0,0.0,180.0,0.0,0.0
WeilF,REACCION WEIL-FELIX,Serologia y Pruebas Rapidas,0.1,0.0,0.0,0.0,0.0,94.5
Widal,REACCIÓN DE WIDAL WELL FELIX,Serologia,0.1,51.3,51.3,51.3,51.3,51.3
Zn,ZINC (Zn),Química Metabólica,0.1,0.0,0.0,316.8,0.0,0.0
aCLIgG,ANTICARDIOLIPINA IgG,Autoinmunidad,0.1,259.2,259.2,277.2,259.2,259.2
aCLIgM,ANTICARDIOLIPINA IgM,Autoinmunidad,0.1,259.2,259.2,277.2,259.2,259.2
aFLIgG,ANTICUERPO ANTIFOSFOLÍPIDOS - IgG,Autoinmunidad,0.1,292.5,319.5,319.5,319.5,319.5
aFLIgM,ANTICUERPO ANTI FOSFOLIPIDOS - IgM,Autoinmunidad,0.1,292.5,319.5,319.5,319.5,319.5
aTG,ANTICUERPO ANTITIROGLOBULINA (Anti-TG),Endocrinologia,0.1,218.7,218.7,218.7,218.7,218.7
aTPO,ANTICUERPOS ANTIPEROXIDASA (Anti-TPO),Endocrinologia,0.1,271.8,271.8,271.8,271.8,271.8
aTrab,ANTI r-TSH,Endocrinologia,0.1,263.7,263.7,263.7,263.7,263.7
dDNAIF,ANTI-dsDNA IFI,Autoinmunidad,0.1,0.0,0.0,0.0,0.0,0.0
scl70,ANTI SCL-70,Inmunología,0.1,0.0,0.0,0.0,0.0,202.5
uPCR,PROTEÍNA C REACTIVA ULTRASENSIBLE,Serologia,0.1,0.0,0.0,0.0,0.0,0.0
