VISITADOR ASIGNADO;NOMBRE COMPLETO;TIPO;ESPECIALIDAD;DIRECCION;CIUDAD;TELEFONO;EMAIL;CATEGORIA;INST ID;DUPLICADO;ARCHIVO
ALEJANDRA PAREDES;AGFA;ENTIDAD;LAB;AL FRENTE DEL HOSPITAL JAPONES;SANTA CRUZ;77901436;;B;;True;SCZ ALEJANDRA PAREDES KARDEX SEP 2026.xlsx
ALEJANDRA PAREDES;BIO CROM;ENTIDAD;LAB;VIRGEN DE COTOCA ENTRE 2 Y 3ER ANILLO INTERNO;SANTA CRUZ;63453503;;B;;False;SCZ ALEJANDRA PAREDES KARDEX SEP 2026.xlsx
ALEJANDRA PAREDES;BIO SCIENCE;ENTIDAD;LAB;AV. ALEMANA CALLE LAS PIÑAS;SANTA CRUZ;72133700;;B;;True;SCZ ALEJANDRA PAREDES KARDEX SEP 2026.xlsx
ALEJANDRA PAREDES;BIORENAL;ENTIDAD;LAB;3ERO ANILLO EXTERNO C.POCE LEON;SANTA CRUZ;75619374;;B;;False;SCZ ALEJANDRA PAREDES KARDEX SEP 2026.xlsx
ALEJANDRA PAREDES;LAB NOVALAB;ENTIDAD;LAB;AL FRENTE DEL MERCADO NUEVO LOS POZOS 7MO ANILLO;SANTA CRUZ;75606364;;B;;False;SCZ ALEJANDRA PAREDES KARDEX SEP 2026.xlsx
ALEJANDRA PAREDES;LAB RENACER;ENTIDAD;LAB;AV. GUAPAY CALLE BARTOS;SANTA CRUZ;68604709;;B;;False;SCZ ALEJANDRA PAREDES KARDEX SEP 2026.xlsx
ALEJANDRA PAREDES;LAB YUCRA;ENTIDAD;LAB;ZONA PLAN 3000 MERCADO LOS POCITOS;SANTA CRUZ;79461535;;B;;False;SCZ ALEJANDRA PAREDES KARDEX SEP 2026.xlsx
ALEJANDRA PAREDES;LABORATORIO FIGUEROA;ENTIDAD;LAB;CLINICA FIGUEROA AV. MUTUALISTA C. ANDRES MUÑOZ;SANTA CRUZ;70793184;;B;;True;SCZ ALEJANDRA PAREDES KARDEX SEP 2026.xlsx
ALEJANDRA PAREDES;LABORATORIO PLUSMEDIK;ENTIDAD;LAB;FRENTE DEL HOSPITAL  SAN JUAN DE DIOS;SANTA CRUZ;75918568;;B;;False;SCZ ALEJANDRA PAREDES KARDEX SEP 2026.xlsx
CONSUELO MUÑOZ;CENTRO MEDICO PROWELL;ENTIDAD;INST;CALLE LOS JAZMINES 516;SANTA CRUZ;76339700;;C;;True;SCZ CONSUELO MUÑOZ KARDEX SEP 2026.xlsx
CONSUELO MUÑOZ;CENTRO MEDICO SALUD Y VIDA;ENTIDAD;INST;AV. ROCA Y CORONADO 570;SANTA CRUZ;62581927;;C;;True;SCZ CONSUELO MUÑOZ KARDEX SEP 2026.xlsx
CONSUELO MUÑOZ;CLINICA AUDICION;ENTIDAD;INST;CLINICA AUDICION;SANTA CRUZ;76029707;;A;;True;SCZ CONSUELO MUÑOZ KARDEX SEP 2026.xlsx
CONSUELO MUÑOZ;CLINICA LA GUARDIA;ENTIDAD;INST;LA GUARDIA;SANTA CRUZ;;;C;;False;SCZ CONSUELO MUÑOZ KARDEX SEP 2026.xlsx
CONSUELO MUÑOZ;CLINICA VAURE;ENTIDAD;INST;LA GUARDIA;SANTA CRUZ;;;C;;False;SCZ CONSUELO MUÑOZ KARDEX SEP 2026.xlsx
CONSUELO MUÑOZ;EMBRIOVID;ENTIDAD;INST;ENBRIOVID;SANTA CRUZ;72111717;;C;;False;SCZ CONSUELO MUÑOZ KARDEX SEP 2026.xlsx
CONSUELO MUÑOZ;LAB. ABO;ENTIDAD;LAB;AV. CUELLAR 443;SANTA CRUZ;69055900;;B;;True;SCZ CONSUELO MUÑOZ KARDEX SEP 2026.xlsx
CONSUELO MUÑOZ;LAB. ANTELO;ENTIDAD;LAB;AV. RAFAEL PEÑA ESQUINA LIBERTAD;SANTA CRUZ;75918568;;B;;True;SCZ CONSUELO MUÑOZ KARDEX SEP 2026.xlsx
CONSUELO MUÑOZ;LABORATORIO;ENTIDAD;LAB;HOSP. COSSMIL - C. SARA;SANTA CRUZ;;;C;;True;SCZ CONSUELO MUÑOZ KARDEX SEP 2026.xlsx
CONSUELO MUÑOZ;LABORATORIO BELGICA;ENTIDAD;LAB;CLINICA BELGICA;SANTA CRUZ;75999001;;C;;False;SCZ CONSUELO MUÑOZ KARDEX SEP 2026.xlsx
CONSUELO MUÑOZ;LABORATORIO BIOMASTER;ENTIDAD;LAB;AV. MATARL ESQUINA PORONGO;SANTA CRUZ;77677697;;C;;True;SCZ CONSUELO MUÑOZ KARDEX SEP 2026.xlsx
CONSUELO MUÑOZ;LABORATORIO BIOMEDIC;ENTIDAD;LAB;AV. MARCELO TERCEROS ENTRE LOS TUCANES Y LOS TORDOS;SANTA CRUZ;65077806;;A;;True;SCZ CONSUELO MUÑOZ KARDEX SEP 2026.xlsx
CONSUELO MUÑOZ;LABORATORIO CENTRO MEDICO FOIANINI;ENTIDAD;LAB;CENTRO MEDICO FOIANINI;SANTA CRUZ;61589773;;B;;True;SCZ CONSUELO MUÑOZ KARDEX SEP 2026.xlsx
CONSUELO MUÑOZ;LABORATORIO EL TORNO;ENTIDAD;LAB;TORNO;SANTA CRUZ;72283027;;C;;True;SCZ CONSUELO MUÑOZ KARDEX SEP 2026.xlsx
CONSUELO MUÑOZ;LABORATORIO HEMOCELL;ENTIDAD;LAB;CLINICA GALENICA-AV. LA SALLE;SANTA CRUZ;77641524;;B;;False;SCZ CONSUELO MUÑOZ KARDEX SEP 2026.xlsx
CONSUELO MUÑOZ;LABORATORIO LABFARMA;ENTIDAD;LAB;CLINICA MEDICMEL - KM9;SANTA CRUZ;79833345;;C;;False;SCZ CONSUELO MUÑOZ KARDEX SEP 2026.xlsx
CONSUELO MUÑOZ;LABORATORIO MIROSLAB;ENTIDAD;LAB;AV. ROCA Y CORONADO 2860;SANTA CRUZ;76095180;;C;;True;SCZ CONSUELO MUÑOZ KARDEX SEP 2026.xlsx
CONSUELO MUÑOZ;LABORATORIO SAN FERNANDO;ENTIDAD;LAB;H.M. EL TORNO$TORNO;SANTA CRUZ;60879122;;B;;True;SCZ CONSUELO MUÑOZ KARDEX SEP 2026.xlsx
CONSUELO MUÑOZ;LABORATORIO URUKUPIÑA;ENTIDAD;LAB;C/CUELLAR Y SARA;SANTA CRUZ;75918568;;B;;True;SCZ CONSUELO MUÑOZ KARDEX SEP 2026.xlsx
CONSUELO MUÑOZ;LABORATOTIO DANNYLAB;ENTIDAD;LAB;4TO ANILLO FRENTE A MULTICENTER;SANTA CRUZ;76067766;;A;;False;SCZ CONSUELO MUÑOZ KARDEX SEP 2026.xlsx
GUALBERTO;CAJA PETROLERA DE SALUD;ENTIDAD;HOSPITAL;AV. BLANCO GALINDO KM, 5;CBBA;75940971;;;;False;DATA.KARDEX.xlsx
GUALBERTO;CBB - LAB. QUIMILAB;ENTIDAD;LABORATORIO;AV. OQUENDO ENTRE ECUADOR Y VENEZUELA;CBBA;67588285;lab.quimilab@gmail.com;;;False;DATA.KARDEX.xlsx
GUALBERTO;CBBA - ACTBELLA;ENTIDAD;LABORATORIO;AV. RENE MORENO ESQ. LUCAS MENDOZA;CBBA;73346568;rominita_a_ch@hotmail.com;;;False;DATA.KARDEX.xlsx
GUALBERTO;CBBA - ASSURESOFT BOLIVIA;ENTIDAD;INSTITUCION;AV. AMERICA ESQ. EUDORO GALINDO, EDIF. TORRE TERRADO, PISO 2;CBBA;76993380;;;;False;DATA.KARDEX.xlsx
GUALBERTO;CBBA - CLINICA AREBALO;ENTIDAD;CLINICA;AV. MONSEÑOR ROBERTO NICOLI ENTRE GRANADO Y MANUEL CESPEDES;SACABA;69416519;admiarebalo@gmail.com;;;False;DATA.KARDEX.xlsx
GUALBERTO;CBBA - CLINICA COPACABANA;ENTIDAD;CLINICA;CALLE POTOSI ENTRE BENI Y AV. ANICETO PADILLA;CBBA;61677000;antoniouriona@clinicacopacabana.com.bo;;;False;DATA.KARDEX.xlsx
GUALBERTO;CBBA - CLINICA LOS LIRIOS;ENTIDAD;CLINICA;CALLE CARLOS DAVIS ENTRE AV. BELZU Y JOSE POL;CBBA;72256486;contacto@clinicaloslirios.com;;;False;DATA.KARDEX.xlsx
GUALBERTO;CBBA - CLINICA SAN MIGUEL;ENTIDAD;CLINICA;CALLE ASCUI ESQ. AV. CABILDO;CBBA;78307735;;;;False;DATA.KARDEX.xlsx
GUALBERTO;CBBA - CLINICSLAB;ENTIDAD;LABORATORIO;AV. AYACUCHO ENTRE AV. HEROINAS Y COLOMBIA;CBBA;70369089;info@clinicslab.com;;;False;DATA.KARDEX.xlsx
GUALBERTO;CBBA - FARMACORP NIVEL NACIONAL;ENTIDAD;INSTITUCION;CALLE ISMAEL SERRATE ENTRE TERCEROS Y HERRERA;SANTA CRUZ;78444373;;;;False;DATA.KARDEX.xlsx
GUALBERTO;CBBA - FARMALAB;ENTIDAD;LABORATORIO;AV. SANTA CRUZ ENTRE AV. POTOSI Y AV. FERROVIARIA;UYUNI;63717310;;;;False;DATA.KARDEX.xlsx
GUALBERTO;CBBA - FEDERACION BOLIVIANA DE FUTBOL;ENTIDAD;INSTITUCION;CALLE RENE MORENO 1380;LA PAZ;;;;;False;DATA.KARDEX.xlsx
GUALBERTO;CBBA - FUNDACIÓN TALITA CUMI;ENTIDAD;INSTITUCION;AV. COLLPAPAMPA CASI PASAJE LOS MOLLES;TIQUIPAYA;77914690;;;;False;DATA.KARDEX.xlsx
GUALBERTO;CBBA - HOSPITAL ALBINA PATIÑO;ENTIDAD;HOSPITAL;AV. OQUENDO ENTRE JORDAN Y CALAMA;CBBA;79796163;pediatria@patino.org;;;False;DATA.KARDEX.xlsx
GUALBERTO;CBBA - HOSPITAL COSTANERA;ENTIDAD;CLINICA;CALLE SUIPACHA ENTRE ECUADOR Y COLOMBIA;CBBA;67599299;hospitalcostanerasrl@gmail.com;;;False;DATA.KARDEX.xlsx
GUALBERTO;CBBA - HOSPITAL VILLA TUNARI;ENTIDAD;HOSPITAL;CHAPARE;CHAPARE;77439039;;;;False;DATA.KARDEX.xlsx
GUALBERTO;CBBA - IGS BOLIVIANA S.R.L.;ENTIDAD;INSTITUCION;AV. 16 DE JULIO NRO. 1479, EDIF. SAN PABLO, PISO 15, OF, 1506;LA PAZ;70155216;;;;False;DATA.KARDEX.xlsx
GUALBERTO;CBBA - INCONTACT BOLIVIA S.R.L.;ENTIDAD;INSTITUCION;AV. AMERICA ESQ. EUDORO GALINDO, EDIF. TORRE TERRADO, PISO 3;CBBA;69420489;;;;False;DATA.KARDEX.xlsx
GUALBERTO;CBBA - JALASOFT;ENTIDAD;INSTITUCION;AV. MELCHOR PEREZ DE OLGUIN ESQ. AV. SIMON LOPEZ;CBBA;70344191;;;;False;DATA.KARDEX.xlsx
GUALBERTO;CBBA - LAB JIREH;ENTIDAD;LABORATORIO;AV. SIGLO XX PASANDO EL SURTIDOR;CBBA;70376929;;;;False;DATA.KARDEX.xlsx
GUALBERTO;CBBA - LAB. ADONAI;ENTIDAD;LABORATORIO;CALLE SUCRE ENTRE AROMA Y 6 DE ABRIL;PUNATA;67442525;jhanethgs1@gmail.com;;;False;DATA.KARDEX.xlsx
GUALBERTO;CBBA - LAB. ALCAZAR;ENTIDAD;LABORATORIO;BLANCO GALINDO ENTRE ANTOFAGASTA Y TOCOPILLA;QUILLACOLLO;71412858;;;;False;DATA.KARDEX.xlsx
GUALBERTO;CBBA - LAB. ALDIA;ENTIDAD;LABORATORIO;FINAL AV. ENCAÑADA LADO CLINICA ESPAÑA;CBBA;63902036;marthamayteriveraolguin@gmail.com;;;False;DATA.KARDEX.xlsx
GUALBERTO;CBBA - LAB. ALQUIMIA;ENTIDAD;LABORATORIO;AV. AMERICA ESQ. POTOSI, PISO 3;CBBA;71431758;alquimialaboratorioclinico@gmail.com;;;False;DATA.KARDEX.xlsx
GUALBERTO;CBBA - LAB. AMERICA;ENTIDAD;LABORATORIO;AV, BLANCO GALINDO KM. 2.5 LADO HIPERMAXI;CBBA;60767410;laboratorioamerica23@gmail.com;;;False;DATA.KARDEX.xlsx
GUALBERTO;CBBA - LAB. AMILAB;ENTIDAD;LABORATORIO;CALLE TORRICO CASI VILLARROEL;TIQUIPAYA;69440302;lilianvivianasolissierra@gmail.com;;;False;DATA.KARDEX.xlsx
GUALBERTO;CBBA - LAB. ANALIZA T;ENTIDAD;LABORATORIO;CALLE ANTEZANA ENTRE ECUADOR Y VENEZUELA;CBBA;62644469;;;;False;DATA.KARDEX.xlsx
GUALBERTO;CBBA - LAB. ANALYTICLAB;ENTIDAD;LABORATORIO;CALLE CASTO ROJAS ENTRE AV. BEIGING Y ANTOFAGASTA;CBBA;65333966;analiticlasrl@gmail.com;;;False;DATA.KARDEX.xlsx
GUALBERTO;CBBA - LAB. ANTONELLA;ENTIDAD;LABORATORIO;COLCAPIRHUA, FRENTE A OBRAS PUBLICAS;QUILLACOLLO;73796802;laboratorio.antonella@gmail.com;;;False;DATA.KARDEX.xlsx
GUALBERTO;CBBA - LAB. ARANJUEZ;ENTIDAD;LABORATORIO;CALLE CRISOSTOMO CARRILLO ENTRE LA PAZ Y AV. RAMON RIVERO;CBBA;73346640;;;;False;DATA.KARDEX.xlsx
GUALBERTO;CBBA - LAB. ARCE;ENTIDAD;LABORATORIO;FRENTE AL MATERNO INFANTIL DE HOSPITAL MEJICO;SACABA;65759525;danilopezjaillita@gmail.com;;;False;DATA.KARDEX.xlsx
GUALBERTO;CBBA - LAB. ARIANA;ENTIDAD;LABORATORIO;CALLE 23 DE MARZO ENTRE AV. BLANCO GALINDO Y CARMELA SERRUTO;QUILLACOLLO;69482020;;;;False;DATA.KARDEX.xlsx
GUALBERTO;CBBA - LAB. ARLET;ENTIDAD;LABORATORIO;CALLE PATACAMAYA CASI AV. HUMBERTO ASIN;CBBA;77419748;aguilarsilvia87@gmalil.com;;;False;DATA.KARDEX.xlsx
GUALBERTO;CBBA - LAB. ATENAS;ENTIDAD;LABORATORIO;CALLE 16 DE JULIO ENTRE COLOMBIA Y ECUADOR;CBBA;74356789;;;;False;DATA.KARDEX.xlsx
GUALBERTO;CBBA - LAB. ATENEA;ENTIDAD;LABORATORIO;CALLE ANTEZANA ENTRE SUCRE Y BOLIVAR;CBBA;77402313;laboratorioclinicoattenea@gmail.com;;;False;DATA.KARDEX.xlsx
GUALBERTO;CBBA - LAB. BALDERRAMA;ENTIDAD;LABORATORIO;CALLE COBIJA ENTRE HERMANOS HINOJOSA Y RUBEN FERRUFINO;PUNATA;76411681;;;;False;DATA.KARDEX.xlsx
GUALBERTO;CBBA - LAB. BETANIA;ENTIDAD;LABORATORIO;FRENTE AL MATERNO INFANTIL DE HOSPITAL MEJICO;SACABA;77982654;;;;False;DATA.KARDEX.xlsx
GUALBERTO;CBBA - LAB. BIENESTAR;ENTIDAD;LABORATORIO;AV. VILLAZON ENTRE MONSEÑOR ALCOCER Y BENEMERITOS DE LA PATRIA;SACABA;70308746;bienestar.lab19@gmail.com;;;False;DATA.KARDEX.xlsx
GUALBERTO;CBBA - LAB. BIO DIAGNOSTIC;ENTIDAD;LABORATORIO;CALLE LANZA ENTRE BRASIL Y HONDURAS (CLINICA COCHABAMBA);CBBA;72206353;laboratorio.biodiagnostic@yahoo.com;;;False;DATA.KARDEX.xlsx
GUALBERTO;CBBA - LAB. BIO ORGANICO;ENTIDAD;LABORATORIO;CALLE 16 DE JULIO ENTRE FEDERICO BLANCO Y VENEZUELA;CBBA;77436783;;;;False;DATA.KARDEX.xlsx
GUALBERTO;CBBA - LAB. BIOANALITICO;ENTIDAD;LABORATORIO;CALLE 6 DE AGOSTO ENTRE COCHABAMBA Y GRAL PANDO;QUILLACOLLO;72792342;laboratorioalfasrl@gmail.com;;;False;DATA.KARDEX.xlsx
GUALBERTO;CBBA - LAB. BIOCENTER;ENTIDAD;LABORATORIO;AV. ANICETO ARCE ENTRE GERMAN URQUIDI Y AV. PAPA PAULO;CBBA;76960601;;;;False;DATA.KARDEX.xlsx
GUALBERTO;CBBA - LAB. BIOCOM;ENTIDAD;LABORATORIO;CALLE HONDURAS ESQ. LANZA;CBBA;68717884;;;;False;DATA.KARDEX.xlsx
GUALBERTO;CBBA - LAB. BIOGENEX;ENTIDAD;LABORATORIO;AV. CIRCUNVALACION UNA CUADRA ANTES DEL BATEON;CBBA;73340018;biogenex.bolivia@gmail.com;;;False;DATA.KARDEX.xlsx
GUALBERTO;CBBA - LAB. BIOINTEGRAL;ENTIDAD;LABORATORIO;CALLE INDEPENDENCIA ENTRE COLON Y AYACUCHO;SACABA;76412177;rojaslopezmarina93@gmail.com;;;False;DATA.KARDEX.xlsx
GUALBERTO;CBBA - LAB. BIOKEMI;ENTIDAD;LABORATORIO;AV. ECOLOGICA CLINICA PADUA;TIQUIPAYA;76437967;kemilaboratorio@gmail.com;;;False;DATA.KARDEX.xlsx
GUALBERTO;CBBA - LAB. BIONIZA;ENTIDAD;LABORATORIO;CALLE ECUADOR ENTRE AV. SAN MARTIN Y 25 DE MAYO;CBBA;71732526;laboratorio.bioniza@gmail.com;;;False;DATA.KARDEX.xlsx
GUALBERTO;CBBA - LAB. BIOS;ENTIDAD;LABORATORIO;TRINIDAD;TRINIDAD;67270454;;;;False;DATA.KARDEX.xlsx
GUALBERTO;CBBA - LAB. BIOSYS;ENTIDAD;LABORATORIO;CALLE CARMELA SERRUTO ENTRE 23 DE MARZO Y SUAREZ MIRANDA;QUILLACOLLO;68327530;laboratorioclinobiosys@gmail.com;;;False;DATA.KARDEX.xlsx
GUALBERTO;CBBA - LAB. BIOTECH;ENTIDAD;LABORATORIO;COLCAPIRHUA, AV, REDUCTO ENTRE BLANCO GALINDO Y JUNIN;QUILLACOLLO;76420400;;;;False;DATA.KARDEX.xlsx
GUALBERTO;CBBA - LAB. BIOTESLAB;ENTIDAD;LABORATORIO;AV. AROMA ENTRE SAN MARTIN Y 25 DE MAYO;CBBA;77433542;bioteslab.cbba@gmail.com;;;False;DATA.KARDEX.xlsx
GUALBERTO;CBBA - LAB. BIOTESTING;ENTIDAD;LABORATORIO;CALLE CRISOSTOMO CARRILLO ESQ. AV. RAMON RIVERO;CBBA;67404791;lab.bio.testing@gmail.com;;;False;DATA.KARDEX.xlsx
GUALBERTO;CBBA - LAB. CAHELAB;ENTIDAD;LABORATORIO;CALLE GERMAN BUSCH ENTRE AV. BLANCO GALINDO Y ANTONIO QUIROGA;QUILLACOLLO;76939423;labclinicocahelab@gmail.com;;;False;DATA.KARDEX.xlsx
GUALBERTO;CBBA - LAB. CEDIVET;ENTIDAD;LABORATORIO;CALLE FRANCISCO VIEDMA ENTRE AV. TADEO HAENKE Y PLAZUELA EXCOMBATIENTES;CBBA;76490297;lima.qac9@gmail.com;;;False;DATA.KARDEX.xlsx
GUALBERTO;CBBA - LAB. CENTRO VITAL;ENTIDAD;LABORATORIO;CALLE ORURO ENTRE AV. BALLIVIAN Y LANZA;CBBA;70396096;;;;False;DATA.KARDEX.xlsx
GUALBERTO;CBBA - LAB. CENTRO VITAL (Antezana);ENTIDAD;LABORATORIO;CALLE ANTEZANA ENTRE AV. AROMA Y BRASIL;CBBA;70396096;;;;False;DATA.KARDEX.xlsx
GUALBERTO;CBBA - LAB. CENTRO VITAL (Sud);ENTIDAD;LABORATORIO;AV. PANAMERICANA ENTRE CANAL DE RIEGO LACMA Y CALLE SORUCO;CBBA;70396096;;;;False;DATA.KARDEX.xlsx
GUALBERTO;CBBA - LAB. CORDOVA;ENTIDAD;LABORATORIO;AV. PANAMERICANA ENTRE J.M. CABRERA Y BUSTOS;CBBA;70740175;;;;False;DATA.KARDEX.xlsx
GUALBERTO;CBBA - LAB. CORELAB;ENTIDAD;LABORATORIO;CALLE PACCIERI ESQ. ANTEZANA;CBBA;70364035;corelablaboratorio15@gmail.com;;;False;DATA.KARDEX.xlsx
GUALBERTO;CBBA - LAB. COSSIOLAB;ENTIDAD;LABORATORIO;AV. HEROINAS ENTRE ANTEZANA Y LANZA, EDIF. ROSADELA, PISO 1;CBBA;78341410;laboratoriocossiolab24@gmail.com;;;False;DATA.KARDEX.xlsx
GUALBERTO;CBBA - LAB. CRISTO REY;ENTIDAD;LABORATORIO;CALLE NATANIEL AGUIRRE ENTRE AV. AROMA Y MONTES;CBBA;79734962;;;;False;DATA.KARDEX.xlsx
GUALBERTO;CBBA - LAB. CRISVEL;ENTIDAD;LABORATORIO;AV. TADEO HAENKE Y PASAJE MITAYO, (Clinica Cobija, 2do piso);CBBA;72779535;veronicaibarrapaita1989@gmail.com;;;False;DATA.KARDEX.xlsx
GUALBERTO;CBBA - LAB. DKLAB;ENTIDAD;LABORATORIO;CALLE COBIJA ENTRE AROMA Y 6 DE ABRIL;PUNATA;70774760;;;;False;DATA.KARDEX.xlsx
GUALBERTO;CBBA - LAB. DOCTORLAB;ENTIDAD;LABORATORIO;CALLE COLOMBIA ENTRE JOSE POL Y BELZU;CBBA;71405417;;;;False;DATA.KARDEX.xlsx
GUALBERTO;CBBA - LAB. ELION;ENTIDAD;LABORATORIO;CALLE BAPTISTA ENTRE MAYOR ROCHA Y MEXICO;CBBA;77972041;;;;False;DATA.KARDEX.xlsx
GUALBERTO;CBBA - LAB. ELION (Tiquipaya);ENTIDAD;LABORATORIO;AV. ECOLOGICA ZONA DE TROJES;TIQUIPAYA;77972041;;;;False;DATA.KARDEX.xlsx
GUALBERTO;CBBA - LAB. EMANUEL;ENTIDAD;LABORATORIO;CALLE AYACUCHO ENTRE BOLIVAR Y MONSEÑOR ALCOCER;SACABA;74836531;labemanuelsuc3@gmail.com;;;False;DATA.KARDEX.xlsx
GUALBERTO;CBBA - LAB. EMANUEL 2;ENTIDAD;LABORATORIO;CALLE SUCRE ENTRE TAPIA Y CNEL SANCHEZ;SACABA;74836531;labemanuelsuc3@gmail.com;;;False;DATA.KARDEX.xlsx
GUALBERTO;CBBA - LAB. EXPRESSLAB;ENTIDAD;LABORATORIO;AV. ANICETO ARCE ENTRE GERMAN URQUIDI Y PARQUE LA TORRE;CBBA;60394005;laboratorioexpress@hotmail.com;;;False;DATA.KARDEX.xlsx
GUALBERTO;CBBA - LAB. FERLAB;ENTIDAD;LABORATORIO;CALLE VILLARROEL CASI TORRICO A UNA CUADRA DEL HOSPITAL;TIQUIPAYA;76949421;saraceciliafq@gmail.com;;;False;DATA.KARDEX.xlsx
GUALBERTO;CBBA - LAB. GAMMALAB;ENTIDAD;LABORATORIO;CHAPARE;UYUNI;75915286;;;;False;DATA.KARDEX.xlsx
GUALBERTO;CBBA - LAB. GENESIS;ENTIDAD;LABORATORIO;AV. SIMON LOPEZ NRO. 2016 CASI AV. LA PAZ (PACHACUTEC);CBBA;71734570;;;;False;DATA.KARDEX.xlsx
GUALBERTO;CBBA - LAB. GENETOX;ENTIDAD;LABORATORIO;CALLE FELIZ DEL GRANADO ENTRE AV. AMERICA Y ALCIDES ARGUEDAS;CBBA;62640768;genetox.bo@gmail.com;;;False;DATA.KARDEX.xlsx
GUALBERTO;CBBA - LAB. GOLDENS;ENTIDAD;LABORATORIO;CALLE PASTEUR ENTRE AV. HEROINAS Y COLOMBIA;CBBA;69504574;labgoldencbba@gmail.com;;;False;DATA.KARDEX.xlsx
GUALBERTO;CBBA - LAB. GUADALUPE;ENTIDAD;LABORATORIO;FRENTE AL HOSPITAL DEL NORTE;CBBA;64975848;;;;False;DATA.KARDEX.xlsx
GUALBERTO;CBBA - LAB. HEMODIAGNOSTIC;ENTIDAD;LABORATORIO;CALLE POTOSI ENTRE BENI Y AV. ANICETO PADILLA;CBBA;70393444;labhemodiagnosticccba@gmail.com;;;False;DATA.KARDEX.xlsx
GUALBERTO;CBBA - LAB. IMLAB;ENTIDAD;LABORATORIO;AV. SANTA CRUZ ENTRE AV. AMERICA Y JUAN CAPRILES;CBBA;72244299;imlab.recepcion2023@gmail.com;;;False;DATA.KARDEX.xlsx
GUALBERTO;CBBA - LAB. IMLAB TRINIDAD;ENTIDAD;LABORATORIO;TRINIDAD;TRINIDAD;72244299;imlab.recepcion2023@gmail.com;;;False;DATA.KARDEX.xlsx
GUALBERTO;CBBA - LAB. INMUNOMED S.R.L.;ENTIDAD;LABORATORIO;CALLE JUNIN ENTRE TENIENTE AREVALO Y LA PAZ;CBBA;61781188;;;;False;DATA.KARDEX.xlsx
GUALBERTO;CBBA - LAB. INSTANTE;ENTIDAD;LABORATORIO;CALLE RUBEN FERRUFINO ENTRE SUCRE Y COBIJA;PUNATA;76411681;;;;False;DATA.KARDEX.xlsx
GUALBERTO;CBBA - LAB. IRIS;ENTIDAD;LABORATORIO;BOLIVAR ESQ, SUCRE;SACABA;;;;;False;DATA.KARDEX.xlsx
GUALBERTO;CBBA - LAB. JUVENTUD;ENTIDAD;LABORATORIO;CALLE SUCRE ENTRE TAPIA Y AROMA;SACABA;67484316;;;;False;DATA.KARDEX.xlsx
GUALBERTO;CBBA - LAB. KALEL;ENTIDAD;LABORATORIO;CALLE GROVER SUAREZ CASI AV. CAP. VICTOR USTARIZ;CBBA;77322900;analisisclinicos.kl@gmail.com;;;False;DATA.KARDEX.xlsx
GUALBERTO;CBBA - LAB. KCLAB;ENTIDAD;LABORATORIO;FRENTE AL HOSPITAL DEL NORTE;CBBA;63881705;;;;False;DATA.KARDEX.xlsx
GUALBERTO;CBBA - LAB. LA BOLIVIANA;ENTIDAD;LABORATORIO;CALLE SUCRE ENTRE 25 DE MAYO Y SAN MARTIN SHOOPING SUCRE SEGUNDA PLANTA;CBBA;71464149;labolivianasrl@gmail.com;;;False;DATA.KARDEX.xlsx
GUALBERTO;CBBA - LAB. LABBOL;ENTIDAD;LABORATORIO;AV. HEROINAS ENTRE JUNIN Y HAMIRAYA;CBBA;77971919;labbolcbba@gmail.com;;;False;DATA.KARDEX.xlsx
GUALBERTO;CBBA - LAB. LABCENTER S.R.L. Junin;ENTIDAD;LABORATORIO;CALLE JUNIN ENTRE TENIENTE AREVALO Y LA PAZ;CBBA;77179119;;;;False;DATA.KARDEX.xlsx
GUALBERTO;CBBA - LAB. LABCENTER S.R.L. Uruguay;ENTIDAD;LABORATORIO;CALLE URUGUAY ENTRE SAN MARTIN Y 25 DE MAYO;CBBA;77179119;;;;False;DATA.KARDEX.xlsx
GUALBERTO;CBBA - LAB. LABCI;ENTIDAD;LABORATORIO;AV. OQUENDO ENTRE SUCRE Y BOLIVAR;CBBA;68597800;laboratoriolabci@gmail.com;;;False;DATA.KARDEX.xlsx
GUALBERTO;CBBA - LAB. LABDUR;ENTIDAD;LABORATORIO;COLCAPIRHUA, FRENTE AL HOSPITAL  CUSCHIERI;QUILLACOLLO;72489344;labdur.dra.mma@gmail.com;;;False;DATA.KARDEX.xlsx
GUALBERTO;CBBA - LAB. LABOFER;ENTIDAD;LABORATORIO;AV. BALLIVIAN ENTRE MEXICO Y CHUQUISACA;CBBA;69066932;;;;False;DATA.KARDEX.xlsx
GUALBERTO;CBBA - LAB. LABOZAR;ENTIDAD;LABORATORIO;AV. BLANCO GALINDO FRENTE A L APLAZA BOLIVAR;QUILLACOLLO;67466105;mey10mcv@gmail.com;;;False;DATA.KARDEX.xlsx
GUALBERTO;CBBA - LAB. LABTEST;ENTIDAD;LABORATORIO;CALLE URUGUAY ENTRE SAN MARTIN Y 25 DE MAYO;CBBA;73393704;;;;False;DATA.KARDEX.xlsx
GUALBERTO;CBBA - LAB. LAURA;ENTIDAD;LABORATORIO;CALLE SUAREZ MIRANDA ENTRE CARMELA SERRUTO Y URIA;QUILLACOLLO;72215724;;;;False;DATA.KARDEX.xlsx
GUALBERTO;CBBA - LAB. LEALTAD;ENTIDAD;LABORATORIO;;SACABA;72291217;;;;False;DATA.KARDEX.xlsx
GUALBERTO;CBBA - LAB. LEJAIM;ENTIDAD;LABORATORIO;AV. ANICETO ARCE ENTRE GERMAN URQUIDI Y PARQUE LA TORRE;CBBA;60368490;;;;False;DATA.KARDEX.xlsx
GUALBERTO;CBBA - LAB. LEJAIM (Sud);ENTIDAD;LABORATORIO;AV. PANAMERICANA ENTRE VIRGEND E COPACABANA Y SANTA VERA CRUZ A UNA CUADRA DE GAZNOR;CBBA;60368490;;;;False;DATA.KARDEX.xlsx
GUALBERTO;CBBA - LAB. LOS ANGELES;ENTIDAD;LABORATORIO;PASAJE MELGAREJO ENTRE AYACUCHO Y COLOMBIA;SACABA;76487310;losangeles.rinasanchez@gmail.com;;;False;DATA.KARDEX.xlsx
GUALBERTO;CBBA - LAB. MADISSON;ENTIDAD;LABORATORIO;FRENTE AL HOSPITAL SALOMON KLEIN;SACABA;69452012;laboratoriomadisson288@gmail.com;;;False;DATA.KARDEX.xlsx
GUALBERTO;CBBA - LAB. MAGNUS;ENTIDAD;LABORATORIO;AV. OQUENDO ENTRE COLOMBIA Y AV. HEROINAS;CBBA;72266960;;;;False;DATA.KARDEX.xlsx
GUALBERTO;CBBA - LAB. MAGNUS SUD;ENTIDAD;LABORATORIO;AV. SIGLO XX ESQ. AV. SUECIA;CBBA;68455286;;;;False;DATA.KARDEX.xlsx
GUALBERTO;CBBA - LAB. MARBELLA QUILLACOLLO;ENTIDAD;LABORATORIO;CALLE COCHABAMBA ENTRE CAMACHO Y PACHECO;QUILLACOLLO;75290209;labomarbella@gmail.com;;;False;DATA.KARDEX.xlsx
GUALBERTO;CBBA - LAB. MARBELLA S.R.L.;ENTIDAD;LABORATORIO;AV. SAN MARTIN ENTRE AV. HEROINAS Y COLOMBIA;CBBA;79748908;labomarbella@gmail.com;;;False;DATA.KARDEX.xlsx
GUALBERTO;CBBA - LAB. MARCIEL;ENTIDAD;LABORATORIO;AV. BLANCO GALINDO ENTRE SUAREZ MURANDA Y BALLIVIAN;QUILLACOLLO;70734941;;;;False;DATA.KARDEX.xlsx
GUALBERTO;CBBA - LAB. MARIA DE LOS ANGELES;ENTIDAD;LABORATORIO;AV. PAPA PAULO ESQ. GERMAN URQUIDI;CBBA;62608000;;;;False;DATA.KARDEX.xlsx
GUALBERTO;CBBA - LAB. MARVIAN (Centro);ENTIDAD;LABORATORIO;CALLE LANZA ENTRE AV. AROMA Y BRASIL;CBBA;71443132;;;;False;DATA.KARDEX.xlsx
GUALBERTO;CBBA - LAB. MARVIAN Jesus Aguayo;ENTIDAD;LABORATORIO;CALLE JESUS AGUAYO ESQ. CORNEJO SOLIZ;CBBA;71443132;;;;False;DATA.KARDEX.xlsx
GUALBERTO;CBBA - LAB. MAXILAB;ENTIDAD;LABORATORIO;CALLE MAN CESPED ENTRE WHASHINTONG Y ENRIQUE ARZE;CBBA;71487462;admimaxilab1405@gmail.com;;;False;DATA.KARDEX.xlsx
GUALBERTO;CBBA - LAB. MB;ENTIDAD;LABORATORIO;TRINIDAD;TRINIDAD;78280863;;;;False;DATA.KARDEX.xlsx
GUALBERTO;CBBA - LAB. MEDOTOX;ENTIDAD;LABORATORIO;CALLE VENEZUELA ENTRE GERMAN URQUIDI Y PAPA PAULO;CBBA;70762755;medotox.bo@gmail.com;;;False;DATA.KARDEX.xlsx
GUALBERTO;CBBA - LAB. MI SALUD;ENTIDAD;LABORATORIO;AV. SIGLO XX ENTRE RAFAEL BUSTILLO Y 10 DE NOVIEMBRE;CBBA;65742342;;;;False;DATA.KARDEX.xlsx
GUALBERTO;CBBA - LAB. MLH;ENTIDAD;LABORATORIO;CALLA LA TAPIA ENTRE INGAVI Y SUCRE;SACABA;79724320;;;;False;DATA.KARDEX.xlsx
GUALBERTO;CBBA - LAB. MONTAÑO;ENTIDAD;LABORATORIO;CALLE RAFAEL URQUIDI ENTRE AV. SANTA CRUZ Y AV. ANDRES MARIA TORRICO;PUNATA;63854960;;;;False;DATA.KARDEX.xlsx
GUALBERTO;CBBA - LAB. MULTIEXA;ENTIDAD;LABORATORIO;CALLE MONTENEGRO ENTRE PARQUE EXCOMBATIENTES Y ZOOLOGICO;CBBA;75476997;;;;False;DATA.KARDEX.xlsx
GUALBERTO;CBBA - LAB. MUNDIAL;ENTIDAD;LABORATORIO;AV. BLANCO GALINDO KM. 1.5 ENTRE AV. CONFEDERACIONES Y PASAJE CITE;CBBA;69505091;;;;False;DATA.KARDEX.xlsx
GUALBERTO;CBBA - LAB. NEXUS;ENTIDAD;LABORATORIO;AV. ANICETO ARCE CASI GERMAN URQUIDI;CBBA;71774459;mamanimildred6@gmail.com;;;False;DATA.KARDEX.xlsx
GUALBERTO;CBBA - LAB. NIÑO DE JESUS;ENTIDAD;LABORATORIO;AV. LIBERTAD ENTRE PORTUGAL Y GRECIA;CBBA;70460689;laboratorioaguilar2018@gmail.com;;;False;DATA.KARDEX.xlsx
GUALBERTO;CBBA - LAB. NOVAGEN;ENTIDAD;LABORATORIO;CALLE PASTEUR ESQ. BOLIVAR;CBBA;63903384;laboratorionovagensrl@gmail.com;;;False;DATA.KARDEX.xlsx
GUALBERTO;CBBA - LAB. NOVAGEN (Salomon Klein);ENTIDAD;LABORATORIO;AV. MAXIMILIANO COLBE CASI AV. VILLAZON;SACABA;63903384;laboratorionovagensrl@gmail.com;;;False;DATA.KARDEX.xlsx
GUALBERTO;CBBA - LAB. NUEVA PERCEPCION;ENTIDAD;LABORATORIO;CALLE BALLIVIAN ENTRE CARMELA SERRUTO Y URIA;QUILLACOLLO;70380038;;;;False;DATA.KARDEX.xlsx
GUALBERTO;CBBA - LAB. ORTUS;ENTIDAD;LABORATORIO;CALLE COLON ENTRE PERU E INDEPENDENCIA;SACABA;76981551;;;;False;DATA.KARDEX.xlsx
GUALBERTO;CBBA - LAB. OSLER;ENTIDAD;LABORATORIO;CALLE VENEZUELA ENTRE GERMAN URQUIDI E ISMAEL VASQUEZ;CBBA;67407503;;;;False;DATA.KARDEX.xlsx
GUALBERTO;CBBA - LAB. PAMEAITALAB;ENTIDAD;LABORATORIO;CALLE URIA ENTRE 23 DE MARZO Y PASAJE LA PAZ;QUILLACOLLO;70779665;;;;False;DATA.KARDEX.xlsx
GUALBERTO;CBBA - LAB. PARANA;ENTIDAD;LABORATORIO;AV. HEROINAS ENTRE AV. AYACUCHO Y JUNIN;CBBA;71734672;robermonsejas1960@gmail.com;;;False;DATA.KARDEX.xlsx
GUALBERTO;CBBA - LAB. PATOLOGOS ASOCIADOS;ENTIDAD;LABORATORIO;CALLE BAPTISTA ESQ. MAYOR ROCHA;CBBA;77991192;patologosasociados16@gmail.com;;;False;DATA.KARDEX.xlsx
GUALBERTO;CBBA - LAB. PROEZA;ENTIDAD;LABORATORIO;CALLE NATANIEL AGUIRRE ENTRE AV. AROMA Y MONTES;CBBA;70309478;;;;False;DATA.KARDEX.xlsx
GUALBERTO;CBBA - LAB. PROLAB;ENTIDAD;LABORATORIO;CALLE VENEZUELA CASI GERMAN URQUIDI;CBBA;63873072;;;;False;DATA.KARDEX.xlsx
GUALBERTO;CBBA - LAB. RAMOS;ENTIDAD;LABORATORIO;AV. SANTA CRUZ Y AV. CIVICA;CLIZA;;;;;False;DATA.KARDEX.xlsx
GUALBERTO;CBBA - LAB. RIBERALAB;ENTIDAD;LABORATORIO;AV. SIGLO XX ENTRE RAFAEL BUSTILLO Y 10 DE NOVIEMBRE;CBBA;74575528;riveralab2021@gmail.com;;;False;DATA.KARDEX.xlsx
GUALBERTO;CBBA - LAB. RIBERLAB;ENTIDAD;LABORATORIO;AV. GABRIEL RENE MORENO Y FEDERICO HECKER;RIBERALTA;76999366;riberlab24@gmail.com;;;False;DATA.KARDEX.xlsx
GUALBERTO;CBBA - LAB. SAGRAV;ENTIDAD;LABORATORIO;AV. BELZU ESQ. CARLOS DAVIS;CBBA;60371384;;;;False;DATA.KARDEX.xlsx
GUALBERTO;CBBA - LAB. SAN ANDRES;ENTIDAD;LABORATORIO;CALLE BRASIL NRO. 546 ENTRE LANZA Y SAN MARTIN;CBBA;70300570;;;;False;DATA.KARDEX.xlsx
GUALBERTO;CBBA - LAB. SAN CAYETANO;ENTIDAD;LABORATORIO;CALLE 6 DE AGOSTO ESQ. AV. SANTA CRUZ;PUNATA;79705714;;;;False;DATA.KARDEX.xlsx
GUALBERTO;CBBA - LAB. SAN FRANCISCO;ENTIDAD;LABORATORIO;FRENTE AL HOSPITAL DEL SUD;CBBA;77943822;laboratorioclinicosanfransisco@gmail.com;;;False;DATA.KARDEX.xlsx
GUALBERTO;CBBA - LAB. SAN FRANCISCO (Quillacollo);ENTIDAD;LABORATORIO;AV. BLANCO GALINDO ENTRE MEJILLONES Y TOCOPILLA;QUILLACOLLO;79393600;laboratorioclinicosanfransisco@gmail.com;;;False;DATA.KARDEX.xlsx
GUALBERTO;CBBA - LAB. SAN MATEO;ENTIDAD;LABORATORIO;CALLE HEROES DEL CHACO ENTRE COCHABAMBA Y GRAL PANDO;QUILLACOLLO;70387929;laclisma@gmail.com;;;False;DATA.KARDEX.xlsx
GUALBERTO;CBBA - LAB. SAN SILVESTRE;ENTIDAD;LABORATORIO;CALLE ANIBAL CAPRILES ENTRE AV. PAPA PAULO Y TERRAZAS;CBBA;69530077;labsansilvestre95@gmail.com;;;False;DATA.KARDEX.xlsx
GUALBERTO;CBBA - LAB. SANDY;ENTIDAD;LABORATORIO;CALLE PEDRO BLANCO ESQ. AV. SANTA CRUZ, EDIF. CONTINENTAL, PISO 4;CBBA;70381617;laboratoriosandy@hotmail.com;;;False;DATA.KARDEX.xlsx
GUALBERTO;CBBA - LAB. SANTA CECILIA;ENTIDAD;LABORATORIO;FRENTE AL HOSPITAL DEL SUD;CBBA;69447775;santacecilia2022@gmail.com;;;False;DATA.KARDEX.xlsx
GUALBERTO;CBBA - LAB. SANTA LUCIA;ENTIDAD;LABORATORIO;CALLE LANZA ENTRE HONDURAS Y BRASIL;CBBA;72772691;mabelcalustro@hotmail.com;;;False;DATA.KARDEX.xlsx
GUALBERTO;CBBA - LAB. SANTA MONICA;ENTIDAD;CLINICA;AV. COPACABANA ENTRE CALLE CHAPARE Y SORUCO;CBBA;70730163;;;;False;DATA.KARDEX.xlsx
GUALBERTO;CBBA - LAB. SANTE;ENTIDAD;LABORATORIO;AV. SIGLO XX ENTRE RAFAEL BUSTILLO Y 10 DE NOVIEMBRE;CBBA;72251592;labsante008@gmail.com;;;False;DATA.KARDEX.xlsx
GUALBERTO;CBBA - LAB. SANTE VILLA PAGADOR;ENTIDAD;LABORATORIO;CALLE SAUCARI CASI AV. HUMBERTO ASIN (Villa Pagdor);CBBA;69447775;labsante008@gmail.com;;;False;DATA.KARDEX.xlsx
GUALBERTO;CBBA - LAB. SANTIAGO;ENTIDAD;LABORATORIO;PASAJE SAN RAFAEL ENTRE ECUADOR Y COLOMBIA;CBBA;70725905;;;;False;DATA.KARDEX.xlsx
GUALBERTO;CBBA - LAB. SERVILAB;ENTIDAD;LABORATORIO;CALLE BAPTISTA ENTRE TENIENTE AREVALO Y LA PAZ;CBBA;71718132;;;;False;DATA.KARDEX.xlsx
GUALBERTO;CBBA - LAB. SHADAI;ENTIDAD;LABORATORIO;CALLE ALVIZURI;CLIZA;72284971;shaddailab@gmail.com;;;False;DATA.KARDEX.xlsx
GUALBERTO;CBBA - LAB. SHALOM;ENTIDAD;LABORATORIO;AV. ENCAÑADA DE LA U.E. SOBRE EL CANAL 2 CUADRAS AL ESTE;CBBA;70375517;;;;False;DATA.KARDEX.xlsx
GUALBERTO;CBBA - LAB. SUECIA;ENTIDAD;LABORATORIO;AV. SUECIA ENTRE PASAJE 6 Y WAYARINCHIJ, DIAGONAL AL HOSPITAL H. WILLIANS;CBBA;79417926;farmasuecia@gmail.com;;;False;DATA.KARDEX.xlsx
GUALBERTO;CBBA - LAB. TECNOLAB;ENTIDAD;LABORATORIO;CALLE HEROES DEL CHACO ENTRE COCHABAMBA Y GRAL PANDO;QUILLACOLLO;76900523;;;;False;DATA.KARDEX.xlsx
GUALBERTO;CBBA - LAB. TEST CENTER;ENTIDAD;LABORATORIO;CALLE URUGUAY ENTRE SAN MARTIN Y 25 DE MAYO;CBBA;73393704;;;;False;DATA.KARDEX.xlsx
GUALBERTO;CBBA - LAB. TIQUIPAYA;ENTIDAD;LABORATORIO;CALLE VILLARROEL ENTRE TORRICO Y PABLO JAIMES;TIQUIPAYA;65165825;;;;False;DATA.KARDEX.xlsx
GUALBERTO;CBBA - LAB. ULTRAGENETIC;ENTIDAD;LABORATORIO;CALLE CRISOSTOMO CARRILLO ESQ. AV. SALAMANCA;CBBA;64918405;ultragenetic.com@gmail.com;;;False;DATA.KARDEX.xlsx
GUALBERTO;CBBA - LAB. UMBRELLA;ENTIDAD;LABORATORIO;CALLE FRANCISCO TOLEDO ENTRE AV. PERU Y FRANCISCO VIEDMA;CBBA;62629084;umbrellalabclinico@gmail.com;;;False;DATA.KARDEX.xlsx
GUALBERTO;CBBA - LAB. UNILAB;ENTIDAD;LABORATORIO;AV. AYACUCHO ESQ. TENIENTE AREVALO;CBBA;76113873;reg.unilab@gmail.com;;;False;DATA.KARDEX.xlsx
GUALBERTO;CBBA - LAB. UNIVERSAL Quillacollo 1;ENTIDAD;LABORATORIO;CALLE 6 DE AGOSTO ENTRE COCHABAMBA Y GRAL PANDO;QUILLACOLLO;79799190;laboratoriouniversal46@gmail.com;;;False;DATA.KARDEX.xlsx
GUALBERTO;CBBA - LAB. UNIVERSAL Quillacollo 2;ENTIDAD;LABORATORIO;CALLE 20 DE DICIEMBRE ENTRE 23 DE MARZO Y ANTOFAGASTA;QUILLACOLLO;79799190;laboratoriouniversal46@gmail.com;;;False;DATA.KARDEX.xlsx
GUALBERTO;CBBA - LAB. UNIVERSAL Viedma;ENTIDAD;LABORATORIO;AV. ANICETO ARCE ENTRE PARQUE LA TORRE Y COLOMBIA;CBBA;79799190;laboratoriouniversal46@gmail.com;;;False;DATA.KARDEX.xlsx
GUALBERTO;CBBA - LAB. URCUPIÑA;ENTIDAD;LABORATORIO;CALLE HEROES DEL CHACO ENTRE COCHABAMBA Y GRAL PANDO;QUILLACOLLO;76646662;yovannamartinezflores1@gmail.com;;;False;DATA.KARDEX.xlsx
GUALBERTO;CBBA - LAB. VENTURA LAB;ENTIDAD;LABORATORIO;CALLE DULON ESQ. PEDRO DE TOLEDO;CBBA;72732726;;;;False;DATA.KARDEX.xlsx
GUALBERTO;CBBA - LAB. VICTORIA;ENTIDAD;LABORATORIO;CALLE REGIMIENTO ENTRE LOAYZA Y JUNIN;SUCRE;60315834;marina.labvictoria@gmail.com;;;False;DATA.KARDEX.xlsx
GUALBERTO;CBBA - LAB. VIDA SANA;ENTIDAD;LABORATORIO;CALLE SUCRE ENTRE AV. OQUENDO Y PLAZUELA SUCRE (OSMEFAM);CBBA;70787464;laboratorio.clinic.vidasanasuc3@gmail.com;;;False;DATA.KARDEX.xlsx
GUALBERTO;CBBA - LAB. VIDA SANA (Encañada);ENTIDAD;LABORATORIO;FINAL AV. ENCAÑADA LADO CLINICA ESPAÑA;CBBA;70787464;laboratorio.clinic.vidasanasuc3@gmail.com;;;False;DATA.KARDEX.xlsx
GUALBERTO;CBBA - LAB. VIDA SANA (Sud);ENTIDAD;LABORATORIO;CALLE SAN JUAN ENTRE TOMAS DE AQUIMO Y MATIAS COTRINA;CBBA;70787464;laboratorio.clinic.vidasanasuc3@gmail.com;;;False;DATA.KARDEX.xlsx
GUALBERTO;CBBA - LAB. VIRGEN DEL AMPARO;ENTIDAD;LABORATORIO;CALLE AYACUCHO ENTRE MONSEÑOR ALCOCER Y BENEMERITOS DE LA PATRIA;SACABA;67546838;montañonelvi27@gmail.com;;;False;DATA.KARDEX.xlsx
GUALBERTO;CBBA - LAB. VITALYTI;ENTIDAD;LABORATORIO;CALLE PACCIERI ENTRE LANZA Y ANTEZANA;CBBA;77487885;vitalitylab.lc@gmail.com;;;False;DATA.KARDEX.xlsx
GUALBERTO;CBBA - LAB. XENTIZ;ENTIDAD;LABORATORIO;CALLE BOLIVAR ENTRE OQUENDO Y PASTEUR;CBBA;77431304;;;;False;DATA.KARDEX.xlsx
GUALBERTO;CBBA - LAB. YOMIX LA PAZ S.R.L.;ENTIDAD;LABORATORIO;AV. BALLIVIAN ESQ. MEXICO, EDIF. COLON. PISO 10;CBBA;62682006;;;;False;DATA.KARDEX.xlsx
GUALBERTO;CBBA - LAB. ZARZA;ENTIDAD;LABORATORIO;CHAPARE;CHAPARE;63879281;yapurarebeca@gamil.com;;;False;DATA.KARDEX.xlsx
GUALBERTO;CBBA - LAB. ZURIEL;ENTIDAD;LABORATORIO;CALLE 23 DE MARZO ENTRE AV. BLANCO GALINDO Y CARMELA SERRUTO;QUILLACOLLO;73468365;abigail.01191@gmail.com;;;False;DATA.KARDEX.xlsx
GUALBERTO;CBBA - MINLAB;ENTIDAD;LABORATORIO;CALLE BOLIVAR 929 ENTRE PASTEUR Y AV. OQUENDO;CBBA;67412424;;;;False;DATA.KARDEX.xlsx
GUALBERTO;CBBA - ONCOINMUNOLOGIA S.R.L.;ENTIDAD;LABORATORIO;CALLE ARAWAQUI ESQ. QALLAWAYA;CBBA;70309012;info@globalcc.com.bo;;;False;DATA.KARDEX.xlsx
GUALBERTO;CBBA - PULSELAB;ENTIDAD;LABORATORIO;AV PANAMERICANA ESQ. MANUEL LAREDO;CBBA;67534795;;;;False;DATA.KARDEX.xlsx
GUALBERTO;CBBA - SCHMIDTS PHARMA S.R.L.;ENTIDAD;INSTITUCION;CALLE JULIO RODRIGUEZ ESQ. AV. PANDO;CBBA;62220324;;;;False;DATA.KARDEX.xlsx
GUALBERTO;CBBA - TECNOFARMA S.A.;ENTIDAD;INSTITUCION;AV. PAPA PAULO ENTRE VENEZUELA Y GERMAN URQUIDI;CBBA;74165807;;;;False;DATA.KARDEX.xlsx
GUALBERTO;CBBA - UNIVALLE NORTE;ENTIDAD;HOSPITAL;CALLE TUPAC AMARU ENTRE AV. AMERICA Y JUAN CAPRILES;CBBA;72203404;;;;False;DATA.KARDEX.xlsx
GUALBERTO;CBBA - UNIVALLE SUD;ENTIDAD;HOSPITAL;CIRCUITO BOLIVIA ANTES DE LA FEXCO;CBBA;72203404;;;;False;DATA.KARDEX.xlsx
GUALBERTO;CBBA - UNIVERSIDAD CATOLICA;ENTIDAD;INSTITUCION;CALLE MARQUEZ ENTRE AV. GRAL GALINDO Y BENJAMIN GUZMAN;CBBA;;;;;False;DATA.KARDEX.xlsx
GUALBERTO;CBBA - UPAL;ENTIDAD;INSTITUCION;CALLE TUPAC AMARU ESQ. PASOS DEL INCA;CBBA;71856918;;;;False;DATA.KARDEX.xlsx
GUALBERTO;CBBA - VETERINARIA  ARANJUEZ;ENTIDAD;VETERINARIA;CALLE EUDORO GALINDO ENTRE JULIO RODRIGUEZ Y FIDEL ANZE;CBBA;79906541;docvetchio@gmail.com;;;False;DATA.KARDEX.xlsx
GUALBERTO;CBBA - VIDAVET;ENTIDAD;VETERINARIA;CALLE VENEZUELA ENTRE LANZA Y ANTEZANA;CBBA;65511108;vidavetbol@gmail.com;;;False;DATA.KARDEX.xlsx
GUALBERTO;CLIN & GEN NIVEL NACIONAL;ENTIDAD;LABORATORIO;AV. PAPA PAULO ENTRE RAMON RIVERO Y PLAZUELA QUINTANILLA, EDIF,. COLOMBO, PISO 4;CBBA;62630801;clinygencbba@gmail.com;;;False;DATA.KARDEX.xlsx
GUALBERTO;CLINICA NATIVIDAD;ENTIDAD;CLINICA;CALLE BOLIVAR ENTRE ARICA E IQUIQUE;ORURO;74158178;clinicanatividad@grupo-plaza.com;;;False;DATA.KARDEX.xlsx
GUALBERTO;LAB. TORRES NIVEL NACIONAL;ENTIDAD;LABORATORIO;CALLE JUNIN ENTRE VILLARROEL Y AYACUCHO;TARIJA;63782108;laboratorio_torresauza@hotmail.com;;;False;DATA.KARDEX.xlsx
GUALBERTO;MEDICARD NIVEL NACIONAL;ENTIDAD;INSTITUCION;CALLE CABA ENTRE AV. AMERICA Y PARQUE LINCOLN;CBBA;70353046;;;;False;DATA.KARDEX.xlsx
GUALBERTO;PD - CLINICA UNEDI;ENTIDAD;LABORATORIO;AV. ARMANDO LLANOS, CERCA A LOS AVIONES ABANDONADOS;PANDO;76103865;;;;False;DATA.KARDEX.xlsx
GUALBERTO;SEGUROS UNIVIDA S.A.;ENTIDAD;INSTITUCION;AV. PANDO RECOLETA;CBBA;73033821;;;;False;DATA.KARDEX.xlsx
GUALBERTO;VETERINARIA VIP CENTER;ENTIDAD;VETERINARIA;CALLE MEJILLONES ENTRE ATACAMA Y AV. MELCHOR PEREZ DE OLGUIN;CBBA;79765558;vipcenter.centroveterinario@gmail.com;;;False;DATA.KARDEX.xlsx
JAHAZIEL FACIO;Atp Lab;ENTIDAD;LAB;Miraflores a lado del torax;LA PAZ;77901436;;B;;False;LPZ JAHAZIEL FACIO KARDEX SEP 2026.xlsx
JAHAZIEL FACIO;Bacter;ENTIDAD;LAB;Miraflores;LA PAZ;77901436;;C;;True;LPZ JAHAZIEL FACIO KARDEX SEP 2026.xlsx
JAHAZIEL FACIO;BIOS MED INTILAB;ENTIDAD;LAB;Av. Buch teleferico blanco;LA PAZ;;;A;;False;LPZ JAHAZIEL FACIO KARDEX SEP 2026.xlsx
JAHAZIEL FACIO;Biosmed intilab;ENTIDAD;LAB;Av Busch;LA PAZ;;;A;;False;LPZ JAHAZIEL FACIO KARDEX SEP 2026.xlsx
JAHAZIEL FACIO;Cenelip;ENTIDAD;LAB;Miraflores;LA PAZ;0;;C;;False;LPZ JAHAZIEL FACIO KARDEX SEP 2026.xlsx
JAHAZIEL FACIO;Hemolab;ENTIDAD;LAB;Miraflores;LA PAZ;0;;C;;False;LPZ JAHAZIEL FACIO KARDEX SEP 2026.xlsx
JAHAZIEL FACIO;Labcim;ENTIDAD;LAB;Miraflores;LA PAZ;77480001;;C;;True;LPZ JAHAZIEL FACIO KARDEX SEP 2026.xlsx
JAHAZIEL FACIO;Questlab;ENTIDAD;LAB;Miraflores;LA PAZ;0;;B;;False;LPZ JAHAZIEL FACIO KARDEX SEP 2026.xlsx
JAHAZIEL FACIO;Venlab;ENTIDAD;LAB;Miraflores;LA PAZ;0;;C;;False;LPZ JAHAZIEL FACIO KARDEX SEP 2026.xlsx
KAREN CASTRO;BIOCAMP;ENTIDAD;LAB;Edificio Juan XXIII / pm;TARIJA;78849164;;B;;False;TAR KAREN CASTRO KARDEX SEP 2026.xlsx
KAREN CASTRO;CEMEXCOM;ENTIDAD;LAB;Domingo Paz 326/ pm;TARIJA;76193525;;C;;False;TAR KAREN CASTRO KARDEX SEP 2026.xlsx
KAREN CASTRO;CS SAN AGUSTIN;ENTIDAD;MGE;Campesino/comercio;TARIJA;69592718;;C;;True;TAR KAREN CASTRO KARDEX SEP 2026.xlsx
KAREN CASTRO;LABORATORIO DIAGNOSUR;ENTIDAD;LAB;Ballivian/ molino/ pm;TARIJA;71892439;;C;;False;TAR KAREN CASTRO KARDEX SEP 2026.xlsx
KAREN CASTRO;LABORATORIO TARIJA;ENTIDAD;LAB;Corrado 165;TARIJA;68690060;;C;;True;TAR KAREN CASTRO KARDEX SEP 2026.xlsx
KAREN CASTRO;LABORATORO BIOMILAGROS;ENTIDAD;LAB;señor de los milagros/ padilla/pm;TARIJA;60250026;;C;;True;TAR KAREN CASTRO KARDEX SEP 2026.xlsx
KAREN CASTRO;MEDISUR;ENTIDAD;LAB;MEDISUR/ sucre / pm.;TARIJA;71890934;;C;;True;TAR KAREN CASTRO KARDEX SEP 2026.xlsx
KAREN CASTRO;MOLELAB;ENTIDAD;LAB;campero/ virginio lema/ pm;TARIJA;70233329;;C;;False;TAR KAREN CASTRO KARDEX SEP 2026.xlsx
KAREN CASTRO;SAN LUCAS;ENTIDAD;LAB;la loma al lado de cidimedic/pm.;TARIJA;72909420;;B;;False;TAR KAREN CASTRO KARDEX SEP 2026.xlsx
KEILA ESPINOZA;CAJA CORDES;ENTIDAD;LAB;CAJA CORDES/TTE. JUAN HUMBERTO RIVERO;SANTA CRUZ;33346167;;C;;True;SCZ KEILA ESPINOZA KARDEX BELEN SEP 2026.xlsx
KEILA ESPINOZA;CARDIOSALUD;ENTIDAD;LAB;CLINICA CARDIOSALUD/ 3Y 3 ANILLO TRES PASOS AL FRENTE;SANTA CRUZ;65890637;;B;;False;SCZ KEILA ESPINOZA KARDEX BELEN SEP 2026.xlsx
KEILA ESPINOZA;CELL DIAGNOSTIC;ENTIDAD;LAB;CELL DIAGNOSTIC/AV IRALA;SANTA CRUZ;75777151;;B;;False;SCZ KEILA ESPINOZA KARDEX BELEN SEP 2026.xlsx
KEILA ESPINOZA;ECODAN;ENTIDAD;LAB;ECODAN/AV. VIEDNA 391 ESQUINA SCZ;SANTA CRUZ;65033449;;C;;True;SCZ KEILA ESPINOZA KARDEX BELEN SEP 2026.xlsx
KEILA ESPINOZA;ECOFEM;ENTIDAD;LAB;LAB. ECOFEM/MONTERO/ CALLE JUAN 23;SANTA CRUZ;62122469;;C;;True;SCZ KEILA ESPINOZA KARDEX BELEN SEP 2026.xlsx
KEILA ESPINOZA;ECOMATER;ENTIDAD;LAB;ECOMATER/ENTRE SEOANE Y ESPAÑA;SANTA CRUZ;75400593;;B;;False;SCZ KEILA ESPINOZA KARDEX BELEN SEP 2026.xlsx
KEILA ESPINOZA;GLOBAL MEDICAL;ENTIDAD;LAB;GLOBAL MEDCIAL/ URB. ESPANA AV MIGUEL DE CERVANTES;SANTA CRUZ;64489944;;C;;True;SCZ KEILA ESPINOZA KARDEX BELEN SEP 2026.xlsx
KEILA ESPINOZA;LAB ALTO SANDRE;ENTIDAD;LAB;CLINICA ALTO SAN PEDRO/3 ANILLO EXTERNO N°37;SANTA CRUZ;62197964;;C;;False;SCZ KEILA ESPINOZA KARDEX BELEN SEP 2026.xlsx
KEILA ESPINOZA;LAB HEAVEN;ENTIDAD;LAB;CLINICA HEAVEN/ BARRIO URBARI C/IGMIRIN°555$CLINICA HEAVEN/CALLE IGMIRI  N°555;SANTA CRUZ;75698366;;A;;False;SCZ KEILA ESPINOZA KARDEX BELEN SEP 2026.xlsx
KEILA ESPINOZA;LAB HERMANAS PADILLA;ENTIDAD;LAB;HERMANAS PADILLA/AV  7MO ANILLO CALLE 1;SANTA CRUZ;68781454;;C;;True;SCZ KEILA ESPINOZA KARDEX BELEN SEP 2026.xlsx
KEILA ESPINOZA;LAB RAMIREZ;ENTIDAD;LAB;CLINICA RAMIREZ/L-S(7AM-7PM)$CLINICA RAMIREZ/AV INTERNACIONAL A UNA CUADRA DE LA AV BOLIVIA 7MO ANILLO;SANTA CRUZ;68644966;;A;;True;SCZ KEILA ESPINOZA KARDEX BELEN SEP 2026.xlsx
KEILA ESPINOZA;LAB SANCHEZ;ENTIDAD;LAB;LAB SANCHEZ/MONTERO/ CALLE 24 DE SEPTIEMBRE;SANTA CRUZ;70042866;;C;;True;SCZ KEILA ESPINOZA KARDEX BELEN SEP 2026.xlsx
KEILA ESPINOZA;LAB. NEURORED;ENTIDAD;LAB;NEURORED/CALLE COCHABAMBA;SANTA CRUZ;77389304;;C;;False;SCZ KEILA ESPINOZA KARDEX BELEN SEP 2026.xlsx
KEILA ESPINOZA;LABORATORIO BIOSALUD;ENTIDAD;LAB;LAB. BIOSALUD/CALLE CUELLAR;SANTA CRUZ;78001295;;C;;False;SCZ KEILA ESPINOZA KARDEX BELEN SEP 2026.xlsx
KEILA ESPINOZA;LABORATORIO GESTAR;ENTIDAD;LAB;LAB.GESTAR;SANTA CRUZ;62050325;;C;;True;SCZ KEILA ESPINOZA KARDEX BELEN SEP 2026.xlsx
KEILA ESPINOZA;LABORATORIO IRCA;ENTIDAD;LAB;LAB. IRCA/SUCURSAL FRANCES;SANTA CRUZ;78543326;;B;;False;SCZ KEILA ESPINOZA KARDEX BELEN SEP 2026.xlsx
KEILA ESPINOZA;LABORATORIO MEDCO;ENTIDAD;LAB;LAB MEDCO/ C/VALLEGRANDE N°742;SANTA CRUZ;75509677;;C;;False;SCZ KEILA ESPINOZA KARDEX BELEN SEP 2026.xlsx
KEILA ESPINOZA;MATER SALUD;ENTIDAD;LAB;MATER SALUD/CALLE CHILON 2 Y 3 ANILLO ROCA Y CORONADO;SANTA CRUZ;60002141;;C;;False;SCZ KEILA ESPINOZA KARDEX BELEN SEP 2026.xlsx
KEILA ESPINOZA;SAN EXPEDITO;ENTIDAD;LAB;SAN EXPEDITO/MONTERO/ AV TARUMA CALLE CONCEPCION;SANTA CRUZ;60971151;;C;;True;SCZ KEILA ESPINOZA KARDEX BELEN SEP 2026.xlsx
KEILA ESPINOZA;SONOVID;ENTIDAD;LAB;SONOVID/E.VIDAMED 1 PISO C/201(8-1PM/2:30-6PM);SANTA CRUZ;62010797;;C;;False;SCZ KEILA ESPINOZA KARDEX BELEN SEP 2026.xlsx
MARAHI HERRERA;BIO - CALILAB;ENTIDAD;LAB;Heriberto Gutierrez 2381;La Paz;0;;C;;False;LPZ MARAHI HERRERA KARDEX SEP 2026.xlsx
MARAHI HERRERA;BIOMOLAB;ENTIDAD;LAB;Obrajes C/12 Y 13;La Paz;;;C;;False;LPZ MARAHI HERRERA KARDEX SEP 2026.xlsx
MARAHI HERRERA;Novavista (centro oftamologico);ENTIDAD;OFT;av 6 de agosto;La Paz;;;B;;True;LPZ MARAHI HERRERA KARDEX SEP 2026.xlsx
MARAHI HERRERA;ONCOCLINIC;ENTIDAD;LAB;Obrajes Costanerita Entre C/ 5 y 6;La Paz;0;;A;;False;LPZ MARAHI HERRERA KARDEX SEP 2026.xlsx
MARAHI HERRERA;PRONTO LAB / Ana Cecilia Encinas Ponce;ENTIDAD;BIO;591, Av. Montenegro 874;La Paz;0;;B;;;LPZ MARAHI HERRERA KARDEX SEP 2026.xlsx
OCTAVIA CRUZ;BIOANALISIS;ENTIDAD;LAB;INSTITUCION LLAMADA WHATSAPP;SUCRE;74420580;;A;;False;CHU OCTAVIA CRUZ KARDEX SEP 2026.xlsx
OCTAVIA CRUZ;BOLIVIA;ENTIDAD;LAB;AZURDUY ESQ BOLIVAR;SUCRE;75433666;;B;;;CHU OCTAVIA CRUZ KARDEX SEP 2026.xlsx
OCTAVIA CRUZ;CENTRO MEDICO SANTA ROSA;ENTIDAD;LAB;NATANIEL AGUIRRE ESQ. PANDO;SUCRE;;;C;;False;CHU OCTAVIA CRUZ KARDEX SEP 2026.xlsx
OCTAVIA CRUZ;EL RAPHA;ENTIDAD;LAB;PASAJE SETE SUR;SUCRE;73893784;;C;;False;CHU OCTAVIA CRUZ KARDEX SEP 2026.xlsx
OCTAVIA CRUZ;GEOVAL;ENTIDAD;LAB;AYACUCHO ESQ LOA;SUCRE;77128902;;A;;False;CHU OCTAVIA CRUZ KARDEX SEP 2026.xlsx
OCTAVIA CRUZ;LAB COPACABANA;ENTIDAD;LAB;PLAZA 25 DE MAYO ESQ CALVO$PLAZA 25 DE MAYO;SUCRE;63766749;;A;;False;CHU OCTAVIA CRUZ KARDEX SEP 2026.xlsx
OCTAVIA CRUZ;LABORATORIO JV;ENTIDAD;LAB;GERMAN BUCH;SUCRE;73420533;;C;;False;CHU OCTAVIA CRUZ KARDEX SEP 2026.xlsx
OCTAVIA CRUZ;LABORATORIO LID;ENTIDAD;LAB;RAVELO ENTRE LOA Y PILINCO;SUCRE;75174193;;B;;True;CHU OCTAVIA CRUZ KARDEX SEP 2026.xlsx
OCTAVIA CRUZ;LEISUR;ENTIDAD;LAB;DESTACAMENTO 111 ENTRE OLAÑETA Y AYACUCHO;SUCRE;78691072;;C;;True;CHU OCTAVIA CRUZ KARDEX SEP 2026.xlsx
OCTAVIA CRUZ;MEDINA;ENTIDAD;LAB;ADRIAN CAMACHO ZONA EL MORRO;SUCRE;78693346;;C;;;CHU OCTAVIA CRUZ KARDEX SEP 2026.xlsx
OCTAVIA CRUZ;SAN AGUSTIN;ENTIDAD;LAB;AV. HERNANDO SILES ENTRE JUNÍN Y LOA;SUCRE;73449611;;C;;False;CHU OCTAVIA CRUZ KARDEX SEP 2026.xlsx
OCTAVIA CRUZ;SANTISIMA TRINIDAD;ENTIDAD;LAB;JAIME MENDOZA ZONA ESTADIUM PATRIA;SUCRE;78691922;;C;;False;CHU OCTAVIA CRUZ KARDEX SEP 2026.xlsx
OCTAVIA CRUZ;THEMISLAB;ENTIDAD;LAB;OSTRIA GUTIÉRREZ ESQUINA NATANIEL AGUIRRE;SUCRE;63753828;;C;;True;CHU OCTAVIA CRUZ KARDEX SEP 2026.xlsx
OCTAVIA CRUZ;VIRGEN DEL ROSARIO;ENTIDAD;LAB;ARENALES ESQ LOA;SUCRE;75450192;;C;;;CHU OCTAVIA CRUZ KARDEX SEP 2026.xlsx
ROCIO MIRANDA;BIOMED;ENTIDAD;LAB;Av. Domingo Paz/ O`connor/ Junin;TARIJA;70377555;;C;;True;TAR GABRIELA COPA KARDEX SEP 2026.xlsx
ROCIO MIRANDA;BIOS-LAB;ENTIDAD;LAB;Centro Médico De Los Rios C/ Cochabamba/ General Trigo/ Campero;TARIJA;70233322/78019915;;C;;False;TAR GABRIELA COPA KARDEX SEP 2026.xlsx
ROCIO MIRANDA;Doc-Sur;ENTIDAD;LAB;C/ Junin al frente del HRSJDD;TARIJA;72945658;;B;;False;TAR GABRIELA COPA KARDEX SEP 2026.xlsx
ROCIO MIRANDA;FRILAB;ENTIDAD;LAB;C/ Junin/ Ingavi/ Madrid;TARIJA;71898824;;C;;False;TAR GABRIELA COPA KARDEX SEP 2026.xlsx
ROCIO MIRANDA;Laboratorio VICEMS;ENTIDAD;LAB;VICEMS B/ San Jeronimo a 2 cuadras de la Plaza ha llamado;TARIJA;71191347;;C;;False;TAR GABRIELA COPA KARDEX SEP 2026.xlsx
ROCIO MIRANDA;Laboratorio Zamora;ENTIDAD;LAB;C/ Madrid/ Suipacha/ Mendez;TARIJA;68617072;;C;;True;TAR GABRIELA COPA KARDEX SEP 2026.xlsx
ROCIO MIRANDA;NOVATEK S.R.L.;ENTIDAD;LAB;Clinica Las Panosas C/ Ejercito/Alejandro del Carpio/ Avaroa;TARIJA;63780778;;C;;False;TAR GABRIELA COPA KARDEX SEP 2026.xlsx
ROCIO MIRANDA;San Francisco;ENTIDAD;LAB;C/ Madrid / Sucre/ Daniel Campos;TARIJA;72944483;;C;;False;TAR GABRIELA COPA KARDEX SEP 2026.xlsx
ROCIO MIRANDA;San Nicolas;ENTIDAD;LAB;C/Junin frente al HRSJDD;TARIJA;63773266;;C;;True;TAR GABRIELA COPA KARDEX SEP 2026.xlsx
ROCIO MIRANDA;Santa Rosa de Jesús;ENTIDAD;LAB;C/ Cnel. Delgadillo casi esquina Potosi;TARIJA;70214016;;C;;True;TAR GABRIELA COPA KARDEX SEP 2026.xlsx
ROCIO MIRANDA;TRIALAB;ENTIDAD;LAB;C/ Suipacha / Alejandro Del Carpio/ Avaroa;TARIJA;67388299;;C;;True;TAR GABRIELA COPA KARDEX SEP 2026.xlsx
