VISITADOR ASIGNADO;NOMBRE COMPLETO;SITUACION;ESPECIALIDAD;INSTITUCION;CIUDAD;ARCHIVO
GUALBERTO;CBBA - LAB. LEALTAD;revisar: entidad sin direccion;LABORATORIO;;SACABA;DATA.KARDEX.xlsx
JAHAZIEL FACIO;Amira Plata Andrade;revisar: especialidad LAB en registro MEDICO;LAB;Atp lab;LA PAZ;LPZ JAHAZIEL FACIO KARDEX SEP 2026.xlsx
JOSHUA;LAB SALUD LAB;revisar: especialidad LABORATORIO en registro MEDICO;LABORATORIO;LABORATORIO;CBBA;DATA.KARDEX.xlsx
JOSHUA;LABORATORIO JHON;revisar: especialidad LABORATORIO en registro MEDICO;LABORATORIO;AURELIO MELEAN;CBBA;DATA.KARDEX.xlsx
JOSHUA;LABORATORIO MEDCU;revisar: especialidad LABORATORIO en registro MEDICO;LABORATORIO;GALERIA LOS ANGELES;CBBA;DATA.KARDEX.xlsx
JOSHUA;LABORATORIO PRO SANGRE;revisar: especialidad LABORATORIO en registro MEDICO;LABORATORIO;UNIMED;CBBA;DATA.KARDEX.xlsx
JOSHUA;LABORATORIO SEÑOR DE MAYO;revisar: especialidad LABORATORIO en registro MEDICO;LABORATORIO;CALLE PASTEUR;CBBA;DATA.KARDEX.xlsx
JOSHUA;VET ANIMALOVE;revisar: especialidad VETERINARIA en registro MEDICO;VETERINARIA;AV. THUNUPA;CBBA;DATA.KARDEX.xlsx
KAREN CASTRO;CLEMENTE NATIVIDAD;revisar: especialidad LAB en registro MEDICO;LAB;Clinica San Roque/ pm.;TARIJA;TAR KAREN CASTRO KARDEX SEP 2026.xlsx
KAREN CASTRO;MARIE  CURIE;revisar: especialidad LAB en registro MEDICO;LAB;avaroa y delgadillo/ pm;TARIJA;TAR KAREN CASTRO KARDEX SEP 2026.xlsx
MARAHI HERRERA;Alba Delgado Torrez;revisar: especialidad LAB en registro MEDICO;LAB;ULTRLAB/ C 9 de Obrajes;La Paz;LPZ MARAHI HERRERA KARDEX SEP 2026.xlsx
MARAHI HERRERA;Marlene N. Velasco Ali;revisar: especialidad LAB en registro MEDICO;LAB;Prosalud / Achumani C/ 10 M. Goya #15 (frente a la Plazuela Mundial);La Paz;LPZ MARAHI HERRERA KARDEX SEP 2026.xlsx
OCTAVIA CRUZ;KAWSAY PUJYUJ;revisar: especialidad LAB en registro MEDICO;LAB;EMILIO HOCHMAN 240;SUCRE;CHU OCTAVIA CRUZ KARDEX SEP 2026.xlsx
