codigo;nombre;departamento;sinonimos
LPZ;La Paz;LA PAZ;LPZ$LA PAZ$LP
SCZ;Santa Cruz;SANTA CRUZ;SCZ$SANTA CRUZ$SANTACRUZ$SC$SANTA
CBBA;Cochabamba;COCHABAMBA;CBBA$COCHABAMBA$CBB
SUC;Sucre;SUCRE;SUC$SUcre$SUCRE$CHUQUISACA$CH
TJA;Tarija;TARIJA;TJA$TARIJA$TARIJA HA LLAMADO$T
OR;Oruro;ORURO;OR$ORURO
POT;Potosí;POTOSI;POT$POTOSI$PT
PAN;Pando;PANDO;PA$PANDO$PD$PND
BEN;Beni;BENI;BEN$BENI$BN
QLL;Quillacollo;COCHABAMBA;QUILLACOLLO
SCB;Sacaba;COCHABAMBA;SACABA
TIQ;Tiquipaya;COCHABAMBA;TIQUIPAYA
PUN;Punata;COCHABAMBA;PUNATA
CLZ;Cliza;COCHABAMBA;CLIZA
CHP;Chapare;COCHABAMBA;CHAPARE
MON;Montero;SANTA CRUZ;MONTERO
TRI;Trinidad;BENI;TRINIDAD
RIB;Riberalta;BENI;RIBERALTA
UYU;Uyuni;POTOSI;UYUNI
VMO;Villa Montes;POTOSI;VILLA MONTES
